imglist_path,original_test_index
cifar10/test/airplane/0298.png,2979
cifar10/test/airplane/0267.png,2678
cifar10/test/airplane/0501.png,5124
cifar10/test/airplane/0515.png,5242
cifar10/test/airplane/0273.png,2715
cifar10/test/airplane/0529.png,5328
cifar10/test/airplane/0924.png,9273
cifar10/test/airplane/0930.png,9413
cifar10/test/airplane/0703.png,6985
cifar10/test/airplane/0065.png,581
cifar10/test/airplane/0071.png,675
cifar10/test/airplane/0059.png,524
cifar10/test/airplane/0878.png,8884
cifar10/test/airplane/0688.png,6851
cifar10/test/airplane/0844.png,8483
cifar10/test/airplane/0677.png,6739
cifar10/test/airplane/0105.png,1010
cifar10/test/airplane/0663.png,6633
cifar10/test/airplane/0139.png,1323
cifar10/test/airplane/0887.png,8960
cifar10/test/airplane/0313.png,3148
cifar10/test/airplane/0475.png,4824
cifar10/test/airplane/0461.png,4673
cifar10/test/airplane/0307.png,3097
cifar10/test/airplane/0449.png,4510
cifar10/test/airplane/0460.png,4667
cifar10/test/airplane/0306.png,3087
cifar10/test/airplane/0312.png,3117
cifar10/test/airplane/0474.png,4817
cifar10/test/airplane/0138.png,1322
cifar10/test/airplane/0886.png,8941
cifar10/test/airplane/0892.png,8991
cifar10/test/airplane/0104.png,1001
cifar10/test/airplane/0662.png,6629
cifar10/test/airplane/0676.png,6738
cifar10/test/airplane/0110.png,1027
cifar10/test/airplane/0845.png,8485
cifar10/test/airplane/0689.png,6854
cifar10/test/airplane/0851.png,8554
cifar10/test/airplane/0879.png,8894
cifar10/test/airplane/0058.png,522
cifar10/test/airplane/0070.png,667
cifar10/test/airplane/0716.png,7116
cifar10/test/airplane/0702.png,6980
cifar10/test/airplane/0064.png,560
cifar10/test/airplane/0931.png,9415
cifar10/test/airplane/0925.png,9326
cifar10/test/airplane/0919.png,9248
cifar10/test/airplane/0528.png,5327
cifar10/test/airplane/0514.png,5236
cifar10/test/airplane/0272.png,2704
cifar10/test/airplane/0266.png,2674
cifar10/test/airplane/0299.png,2993
cifar10/test/airplane/0270.png,2681
cifar10/test/airplane/0516.png,5253
cifar10/test/airplane/0502.png,5126
cifar10/test/airplane/0264.png,2668
cifar10/test/airplane/0258.png,2589
cifar10/test/airplane/0099.png,946
cifar10/test/airplane/0927.png,9354
cifar10/test/airplane/0714.png,7103
cifar10/test/airplane/0072.png,678
cifar10/test/airplane/0066.png,584
cifar10/test/airplane/0700.png,6966
cifar10/test/airplane/0728.png,7196
cifar10/test/airplane/0847.png,8496
cifar10/test/airplane/0853.png,8572
cifar10/test/airplane/0660.png,6621
cifar10/test/airplane/0106.png,1018
cifar10/test/airplane/0674.png,6717
cifar10/test/airplane/0884.png,8925
cifar10/test/airplane/0648.png,6491
cifar10/test/airplane/0890.png,8970
cifar10/test/airplane/0489.png,5013
cifar10/test/airplane/0304.png,3063
cifar10/test/airplane/0462.png,4686
cifar10/test/airplane/0476.png,4840
cifar10/test/airplane/0310.png,3111
cifar10/test/airplane/0338.png,3421
cifar10/test/airplane/0339.png,3425
cifar10/test/airplane/0477.png,4854
cifar10/test/airplane/0311.png,3112
cifar10/test/airplane/0305.png,3070
cifar10/test/airplane/0463.png,4701
cifar10/test/airplane/0488.png,4991
cifar10/test/airplane/0891.png,8977
cifar10/test/airplane/0649.png,6494
cifar10/test/airplane/0885.png,8935
cifar10/test/airplane/0675.png,6729
cifar10/test/airplane/0661.png,6623
cifar10/test/airplane/0107.png,1022
cifar10/test/airplane/0852.png,8563
cifar10/test/airplane/0846.png,8492
cifar10/test/airplane/0729.png,7209
cifar10/test/airplane/0067.png,602
cifar10/test/airplane/0701.png,6970
cifar10/test/airplane/0715.png,7115
cifar10/test/airplane/0073.png,689
cifar10/test/airplane/0098.png,944
cifar10/test/airplane/0926.png,9333
cifar10/test/airplane/0932.png,9439
cifar10/test/airplane/0259.png,2594
cifar10/test/airplane/0503.png,5144
cifar10/test/airplane/0265.png,2672
cifar10/test/airplane/0517.png,5255
cifar10/test/airplane/0249.png,2473
cifar10/test/airplane/0513.png,5225
cifar10/test/airplane/0275.png,2724
cifar10/test/airplane/0261.png,2614
cifar10/test/airplane/0507.png,5173
cifar10/test/airplane/0088.png,868
cifar10/test/airplane/0936.png,9482
cifar10/test/airplane/0922.png,9271
cifar10/test/airplane/0739.png,7373
cifar10/test/airplane/0077.png,774
cifar10/test/airplane/0711.png,7077
cifar10/test/airplane/0705.png,7010
cifar10/test/airplane/0063.png,539
cifar10/test/airplane/0842.png,8471
cifar10/test/airplane/0856.png,8638
cifar10/test/airplane/0659.png,6619
cifar10/test/airplane/0881.png,8903
cifar10/test/airplane/0895.png,9017
cifar10/test/airplane/0103.png,989
cifar10/test/airplane/0665.png,6644
cifar10/test/airplane/0671.png,6676
cifar10/test/airplane/0117.png,1078
cifar10/test/airplane/0498.png,5077
cifar10/test/airplane/0329.png,3302
cifar10/test/airplane/0467.png,4763
cifar10/test/airplane/0301.png,3024
cifar10/test/airplane/0315.png,3164
cifar10/test/airplane/0473.png,4809
cifar10/test/airplane/0314.png,3158
cifar10/test/airplane/0472.png,4802
cifar10/test/airplane/0466.png,4759
cifar10/test/airplane/0300.png,3005
cifar10/test/airplane/0499.png,5091
cifar10/test/airplane/0670.png,6663
cifar10/test/airplane/0116.png,1077
cifar10/test/airplane/0102.png,982
cifar10/test/airplane/0664.png,6641
cifar10/test/airplane/0894.png,9008
cifar10/test/airplane/0880.png,8895
cifar10/test/airplane/0857.png,8643
cifar10/test/airplane/0843.png,8476
cifar10/test/airplane/0704.png,6996
cifar10/test/airplane/0062.png,531
cifar10/test/airplane/0076.png,767
cifar10/test/airplane/0710.png,7069
cifar10/test/airplane/0738.png,7356
cifar10/test/airplane/0923.png,9272
cifar10/test/airplane/0089.png,883
cifar10/test/airplane/0937.png,9483
cifar10/test/airplane/0260.png,2603
cifar10/test/airplane/0506.png,5164
cifar10/test/airplane/0512.png,5224
cifar10/test/airplane/0274.png,2717
cifar10/test/airplane/0248.png,2468
cifar10/test/airplane/0289.png,2913
cifar10/test/airplane/0538.png,5437
cifar10/test/airplane/0504.png,5146
cifar10/test/airplane/0262.png,2622
cifar10/test/airplane/0276.png,2749
cifar10/test/airplane/0510.png,5220
cifar10/test/airplane/0921.png,9262
cifar10/test/airplane/0935.png,9473
cifar10/test/airplane/0909.png,9144
cifar10/test/airplane/0048.png,422
cifar10/test/airplane/0060.png,526
cifar10/test/airplane/0706.png,7018
cifar10/test/airplane/0712.png,7096
cifar10/test/airplane/0074.png,742
cifar10/test/airplane/0841.png,8447
cifar10/test/airplane/0699.png,6953
cifar10/test/airplane/0869.png,8819
cifar10/test/airplane/0128.png,1189
cifar10/test/airplane/0896.png,9021
cifar10/test/airplane/0882.png,8909
cifar10/test/airplane/0114.png,1072
cifar10/test/airplane/0672.png,6696
cifar10/test/airplane/0666.png,6648
cifar10/test/airplane/0100.png,956
cifar10/test/airplane/0458.png,4639
cifar10/test/airplane/0470.png,4784
cifar10/test/airplane/0316.png,3171
cifar10/test/airplane/0302.png,3048
cifar10/test/airplane/0464.png,4726
cifar10/test/airplane/0303.png,3050
cifar10/test/airplane/0465.png,4748
cifar10/test/airplane/0317.png,3177
cifar10/test/airplane/0459.png,4666
cifar10/test/airplane/0667.png,6650
cifar10/test/airplane/0101.png,975
cifar10/test/airplane/0115.png,1076
cifar10/test/airplane/0673.png,6712
cifar10/test/airplane/0883.png,8917
cifar10/test/airplane/0897.png,9024
cifar10/test/airplane/0868.png,8812
cifar10/test/airplane/0698.png,6949
cifar10/test/airplane/0840.png,8415
cifar10/test/airplane/0854.png,8590
cifar10/test/airplane/0713.png,7102
cifar10/test/airplane/0075.png,763
cifar10/test/airplane/0061.png,527
cifar10/test/airplane/0707.png,7031
cifar10/test/airplane/0049.png,423
cifar10/test/airplane/0908.png,9124
cifar10/test/airplane/0934.png,9469
cifar10/test/airplane/0920.png,9256
cifar10/test/airplane/0277.png,2782
cifar10/test/airplane/0511.png,5223
cifar10/test/airplane/0505.png,5160
cifar10/test/airplane/0263.png,2628
cifar10/test/airplane/0539.png,5452
cifar10/test/airplane/0288.png,2909
cifar10/test/airplane/0589.png,6003
cifar10/test/airplane/0204.png,2091
cifar10/test/airplane/0210.png,2113
cifar10/test/airplane/0576.png,5827
cifar10/test/airplane/0238.png,2375
cifar10/test/airplane/0947.png,9539
cifar10/test/airplane/0953.png,9590
cifar10/test/airplane/0006.png,52
cifar10/test/airplane/0760.png,7616
cifar10/test/airplane/0774.png,7733
cifar10/test/airplane/0012.png,116
cifar10/test/airplane/0984.png,9876
cifar10/test/airplane/0990.png,9931
cifar10/test/airplane/0748.png,7465
cifar10/test/airplane/0833.png,8357
cifar10/test/airplane/0827.png,8230
cifar10/test/airplane/0199.png,2058
cifar10/test/airplane/0172.png,1735
cifar10/test/airplane/0614.png,6221
cifar10/test/airplane/0166.png,1714
cifar10/test/airplane/0628.png,6334
cifar10/test/airplane/0416.png,4219
cifar10/test/airplane/0370.png,3740
cifar10/test/airplane/0364.png,3650
cifar10/test/airplane/0402.png,4123
cifar10/test/airplane/0358.png,3568
cifar10/test/airplane/0359.png,3587
cifar10/test/airplane/0365.png,3651
cifar10/test/airplane/0403.png,4126
cifar10/test/airplane/0417.png,4226
cifar10/test/airplane/0371.png,3754
cifar10/test/airplane/0629.png,6347
cifar10/test/airplane/0601.png,6081
cifar10/test/airplane/0167.png,1718
cifar10/test/airplane/0173.png,1739
cifar10/test/airplane/0615.png,6222
cifar10/test/airplane/0826.png,8210
cifar10/test/airplane/0198.png,2041
cifar10/test/airplane/0832.png,8351
cifar10/test/airplane/0749.png,7477
cifar10/test/airplane/0991.png,9946
cifar10/test/airplane/0985.png,9888
cifar10/test/airplane/0013.png,125
cifar10/test/airplane/0007.png,74
cifar10/test/airplane/0761.png,7632
cifar10/test/airplane/0952.png,9577
cifar10/test/airplane/0946.png,9533
cifar10/test/airplane/0239.png,2379
cifar10/test/airplane/0211.png,2122
cifar10/test/airplane/0577.png,5844
cifar10/test/airplane/0563.png,5707
cifar10/test/airplane/0205.png,2095
cifar10/test/airplane/0588.png,6001
cifar10/test/airplane/0575.png,5809
cifar10/test/airplane/0213.png,2130
cifar10/test/airplane/0207.png,2102
cifar10/test/airplane/0561.png,5679
cifar10/test/airplane/0978.png,9847
cifar10/test/airplane/0788.png,7836
cifar10/test/airplane/0950.png,9561
cifar10/test/airplane/0944.png,9515
cifar10/test/airplane/0011.png,111
cifar10/test/airplane/0777.png,7748
cifar10/test/airplane/0763.png,7648
cifar10/test/airplane/0005.png,44
cifar10/test/airplane/0993.png,9954
cifar10/test/airplane/0987.png,9904
cifar10/test/airplane/0039.png,338
cifar10/test/airplane/0824.png,8185
cifar10/test/airplane/0830.png,8267
cifar10/test/airplane/0165.png,1712
cifar10/test/airplane/0603.png,6091
cifar10/test/airplane/0617.png,6247
cifar10/test/airplane/0171.png,1728
cifar10/test/airplane/0159.png,1651
cifar10/test/airplane/0398.png,4102
cifar10/test/airplane/0401.png,4118
cifar10/test/airplane/0367.png,3672
cifar10/test/airplane/0373.png,3765
cifar10/test/airplane/0415.png,4217
cifar10/test/airplane/0429.png,4349
cifar10/test/airplane/0428.png,4340
cifar10/test/airplane/0372.png,3761
cifar10/test/airplane/0414.png,4216
cifar10/test/airplane/0400.png,4113
cifar10/test/airplane/0366.png,3660
cifar10/test/airplane/0399.png,4104
cifar10/test/airplane/0158.png,1646
cifar10/test/airplane/0616.png,6241
cifar10/test/airplane/0170.png,1726
cifar10/test/airplane/0164.png,1705
cifar10/test/airplane/0602.png,6082
cifar10/test/airplane/0831.png,8293
cifar10/test/airplane/0825.png,8197
cifar10/test/airplane/0819.png,8073
cifar10/test/airplane/0986.png,9890
cifar10/test/airplane/0992.png,9951
cifar10/test/airplane/0762.png,7645
cifar10/test/airplane/0004.png,27
cifar10/test/airplane/0776.png,7742
cifar10/test/airplane/0945.png,9528
cifar10/test/airplane/0951.png,9565
cifar10/test/airplane/0789.png,7838
cifar10/test/airplane/0979.png,9849
cifar10/test/airplane/0548.png,5543
cifar10/test/airplane/0206.png,2098
cifar10/test/airplane/0574.png,5806
cifar10/test/airplane/0212.png,2124
cifar10/test/airplane/0558.png,5649
cifar10/test/airplane/0216.png,2166
cifar10/test/airplane/0570.png,5787
cifar10/test/airplane/0564.png,5716
cifar10/test/airplane/0202.png,2085
cifar10/test/airplane/0955.png,9608
cifar10/test/airplane/0799.png,7900
cifar10/test/airplane/0941.png,9499
cifar10/test/airplane/0969.png,9751
cifar10/test/airplane/0996.png,9973
cifar10/test/airplane/0982.png,9860
cifar10/test/airplane/0014.png,153
cifar10/test/airplane/0766.png,7683
cifar10/test/airplane/0821.png,8121
cifar10/test/airplane/0835.png,8387
cifar10/test/airplane/0809.png,8017
cifar10/test/airplane/0148.png,1463
cifar10/test/airplane/0606.png,6128
cifar10/test/airplane/0160.png,1652
cifar10/test/airplane/0174.png,1744
cifar10/test/airplane/0612.png,6187
cifar10/test/airplane/0389.png,3992
cifar10/test/airplane/0438.png,4419
cifar10/test/airplane/0362.png,3620
cifar10/test/airplane/0404.png,4153
cifar10/test/airplane/0410.png,4187
cifar10/test/airplane/0376.png,3820
cifar10/test/airplane/0411.png,4192
cifar10/test/airplane/0377.png,3823
cifar10/test/airplane/0405.png,4162
cifar10/test/airplane/0388.png,3971
cifar10/test/airplane/0175.png,1748
cifar10/test/airplane/0607.png,6133
cifar10/test/airplane/0161.png,1664
cifar10/test/airplane/0149.png,1485
cifar10/test/airplane/0808.png,8008
cifar10/test/airplane/0834.png,8358
cifar10/test/airplane/0820.png,8105
cifar10/test/airplane/0001.png,3
cifar10/test/airplane/0767.png,7684
cifar10/test/airplane/0773.png,7718
cifar10/test/airplane/0015.png,154
cifar10/test/airplane/0983.png,9872
cifar10/test/airplane/0997.png,9980
cifar10/test/airplane/0968.png,9749
cifar10/test/airplane/0940.png,9495
cifar10/test/airplane/0798.png,7880
cifar10/test/airplane/0954.png,9602
cifar10/test/airplane/0565.png,5721
cifar10/test/airplane/0203.png,2087
cifar10/test/airplane/0217.png,2185
cifar10/test/airplane/0571.png,5788
cifar10/test/airplane/0559.png,5652
cifar10/test/airplane/0598.png,6061
cifar10/test/airplane/0229.png,2302
cifar10/test/airplane/0201.png,2079
cifar10/test/airplane/0567.png,5735
cifar10/test/airplane/0573.png,5804
cifar10/test/airplane/0215.png,2160
cifar10/test/airplane/0942.png,9507
cifar10/test/airplane/0956.png,9633
cifar10/test/airplane/0981.png,9857
cifar10/test/airplane/0995.png,9957
cifar10/test/airplane/0765.png,7681
cifar10/test/airplane/0003.png,21
cifar10/test/airplane/0017.png,179
cifar10/test/airplane/0771.png,7698
cifar10/test/airplane/0836.png,8397
cifar10/test/airplane/0188.png,1902
cifar10/test/airplane/0639.png,6418
cifar10/test/airplane/0611.png,6180
cifar10/test/airplane/0177.png,1776
cifar10/test/airplane/0163.png,1694
cifar10/test/airplane/0605.png,6118
cifar10/test/airplane/0349.png,3493
cifar10/test/airplane/0375.png,3792
cifar10/test/airplane/0413.png,4202
cifar10/test/airplane/0407.png,4171
cifar10/test/airplane/0406.png,4167
cifar10/test/airplane/0360.png,3601
cifar10/test/airplane/0374.png,3782
cifar10/test/airplane/0412.png,4194
cifar10/test/airplane/0162.png,1686
cifar10/test/airplane/0604.png,6105
cifar10/test/airplane/0610.png,6162
cifar10/test/airplane/0638.png,6408
cifar10/test/airplane/0823.png,8163
cifar10/test/airplane/0837.png,8400
cifar10/test/airplane/0189.png,1903
cifar10/test/airplane/0016.png,169
cifar10/test/airplane/0770.png,7696
cifar10/test/airplane/0764.png,7652
cifar10/test/airplane/0758.png,7607
cifar10/test/airplane/0980.png,9852
cifar10/test/airplane/0943.png,9512
cifar10/test/airplane/0572.png,5798
cifar10/test/airplane/0214.png,2136
cifar10/test/airplane/0200.png,2077
cifar10/test/airplane/0228.png,2298
cifar10/test/airplane/0599.png,6069
cifar10/test/airplane/0580.png,5880
cifar10/test/airplane/0225.png,2257
cifar10/test/airplane/0231.png,2324
cifar10/test/airplane/0557.png,5626
cifar10/test/airplane/0219.png,2200
cifar10/test/airplane/0782.png,7803
cifar10/test/airplane/0796.png,7871
cifar10/test/airplane/0966.png,9724
cifar10/test/airplane/0972.png,9802
cifar10/test/airplane/0027.png,257
cifar10/test/airplane/0999.png,9987
cifar10/test/airplane/0741.png,7419
cifar10/test/airplane/0755.png,7544
cifar10/test/airplane/0769.png,7692
cifar10/test/airplane/0190.png,1912
cifar10/test/airplane/0184.png,1851
cifar10/test/airplane/0812.png,8031
cifar10/test/airplane/0806.png,7994
cifar10/test/airplane/0153.png,1573
cifar10/test/airplane/0635.png,6363
cifar10/test/airplane/0621.png,6294
cifar10/test/airplane/0147.png,1461
cifar10/test/airplane/0609.png,6157
cifar10/test/airplane/0392.png,4037
cifar10/test/airplane/0386.png,3955
cifar10/test/airplane/0423.png,4295
cifar10/test/airplane/0379.png,3845
cifar10/test/airplane/0378.png,3825
cifar10/test/airplane/0422.png,4294
cifar10/test/airplane/0436.png,4408
cifar10/test/airplane/0350.png,3494
cifar10/test/airplane/0387.png,3965
cifar10/test/airplane/0393.png,4038
cifar10/test/airplane/0608.png,6146
cifar10/test/airplane/0620.png,6284
cifar10/test/airplane/0146.png,1446
cifar10/test/airplane/0152.png,1568
cifar10/test/airplane/0634.png,6361
cifar10/test/airplane/0807.png,8007
cifar10/test/airplane/0813.png,8043
cifar10/test/airplane/0191.png,1926
cifar10/test/airplane/0754.png,7541
cifar10/test/airplane/0032.png,281
cifar10/test/airplane/0026.png,255
cifar10/test/airplane/0740.png,7402
cifar10/test/airplane/0998.png,9983
cifar10/test/airplane/0973.png,9818
cifar10/test/airplane/0967.png,9747
cifar10/test/airplane/0797.png,7877
cifar10/test/airplane/0783.png,7809
cifar10/test/airplane/0218.png,2192
cifar10/test/airplane/0230.png,2322
cifar10/test/airplane/0556.png,5618
cifar10/test/airplane/0542.png,5461
cifar10/test/airplane/0224.png,2249
cifar10/test/airplane/0595.png,6047
cifar10/test/airplane/0581.png,5891
cifar10/test/airplane/0597.png,6057
cifar10/test/airplane/0583.png,5948
cifar10/test/airplane/0554.png,5585
cifar10/test/airplane/0232.png,2330
cifar10/test/airplane/0226.png,2264
cifar10/test/airplane/0568.png,5762
cifar10/test/airplane/0795.png,7869
cifar10/test/airplane/0781.png,7800
cifar10/test/airplane/0959.png,9656
cifar10/test/airplane/0971.png,9772
cifar10/test/airplane/0030.png,269
cifar10/test/airplane/0756.png,7560
cifar10/test/airplane/0742.png,7428
cifar10/test/airplane/0024.png,237
cifar10/test/airplane/0018.png,180
cifar10/test/airplane/0839.png,8405
cifar10/test/airplane/0193.png,1949
cifar10/test/airplane/0805.png,7990
cifar10/test/airplane/0811.png,8026
cifar10/test/airplane/0144.png,1434
cifar10/test/airplane/0622.png,6302
cifar10/test/airplane/0636.png,6394
cifar10/test/airplane/0150.png,1514
cifar10/test/airplane/0178.png,1785
cifar10/test/airplane/0385.png,3943
cifar10/test/airplane/0420.png,4270
cifar10/test/airplane/0346.png,3475
cifar10/test/airplane/0352.png,3499
cifar10/test/airplane/0434.png,4374
cifar10/test/airplane/0408.png,4180
cifar10/test/airplane/0409.png,4181
cifar10/test/airplane/0353.png,3511
cifar10/test/airplane/0435.png,4387
cifar10/test/airplane/0421.png,4287
cifar10/test/airplane/0347.png,3483
cifar10/test/airplane/0390.png,4004
cifar10/test/airplane/0384.png,3927
cifar10/test/airplane/0637.png,6400
cifar10/test/airplane/0151.png,1555
cifar10/test/airplane/0145.png,1440
cifar10/test/airplane/0623.png,6304
cifar10/test/airplane/0810.png,8024
cifar10/test/airplane/0804.png,7987
cifar10/test/airplane/0192.png,1932
cifar10/test/airplane/0186.png,1879
cifar10/test/airplane/0838.png,8402
cifar10/test/airplane/0019.png,189
cifar10/test/airplane/0743.png,7434
cifar10/test/airplane/0025.png,244
cifar10/test/airplane/0031.png,276
cifar10/test/airplane/0757.png,7594
cifar10/test/airplane/0964.png,9700
cifar10/test/airplane/0970.png,9766
cifar10/test/airplane/0958.png,9644
cifar10/test/airplane/0780.png,7778
cifar10/test/airplane/0794.png,7863
cifar10/test/airplane/0569.png,5781
cifar10/test/airplane/0227.png,2276
cifar10/test/airplane/0541.png,5460
cifar10/test/airplane/0555.png,5587
cifar10/test/airplane/0233.png,2341
cifar10/test/airplane/0582.png,5923
cifar10/test/airplane/0596.png,6055
cifar10/test/airplane/0592.png,6022
cifar10/test/airplane/0579.png,5860
cifar10/test/airplane/0237.png,2373
cifar10/test/airplane/0551.png,5571
cifar10/test/airplane/0545.png,5491
cifar10/test/airplane/0223.png,2248
cifar10/test/airplane/0974.png,9820
cifar10/test/airplane/0960.png,9664
cifar10/test/airplane/0790.png,7843
cifar10/test/airplane/0948.png,9544
cifar10/test/airplane/0784.png,7811
cifar10/test/airplane/0009.png,97
cifar10/test/airplane/0753.png,7533
cifar10/test/airplane/0035.png,297
cifar10/test/airplane/0021.png,206
cifar10/test/airplane/0747.png,7454
cifar10/test/airplane/0800.png,7912
cifar10/test/airplane/0814.png,8047
cifar10/test/airplane/0182.png,1823
cifar10/test/airplane/0196.png,1973
cifar10/test/airplane/0828.png,8262
cifar10/test/airplane/0141.png,1365
cifar10/test/airplane/0155.png,1579
cifar10/test/airplane/0633.png,6355
cifar10/test/airplane/0380.png,3847
cifar10/test/airplane/0394.png,4040
cifar10/test/airplane/0419.png,4269
cifar10/test/airplane/0425.png,4308
cifar10/test/airplane/0431.png,4356
cifar10/test/airplane/0357.png,3551
cifar10/test/airplane/0430.png,4355
cifar10/test/airplane/0356.png,3550
cifar10/test/airplane/0342.png,3441
cifar10/test/airplane/0418.png,4228
cifar10/test/airplane/0395.png,4056
cifar10/test/airplane/0381.png,3866
cifar10/test/airplane/0154.png,1574
cifar10/test/airplane/0626.png,6328
cifar10/test/airplane/0140.png,1343
cifar10/test/airplane/0168.png,1719
cifar10/test/airplane/0197.png,2040
cifar10/test/airplane/0829.png,8265
cifar10/test/airplane/0183.png,1835
cifar10/test/airplane/0801.png,7925
cifar10/test/airplane/0746.png,7453
cifar10/test/airplane/0752.png,7523
cifar10/test/airplane/0034.png,287
cifar10/test/airplane/0008.png,90
cifar10/test/airplane/0785.png,7815
cifar10/test/airplane/0791.png,7850
cifar10/test/airplane/0961.png,9685
cifar10/test/airplane/0975.png,9822
cifar10/test/airplane/0544.png,5475
cifar10/test/airplane/0222.png,2241
cifar10/test/airplane/0578.png,5857
cifar10/test/airplane/0587.png,5997
cifar10/test/airplane/0593.png,6029
cifar10/test/airplane/0585.png,5968
cifar10/test/airplane/0591.png,6015
cifar10/test/airplane/0220.png,2215
cifar10/test/airplane/0552.png,5583
cifar10/test/airplane/0234.png,2344
cifar10/test/airplane/0963.png,9699
cifar10/test/airplane/0977.png,9841
cifar10/test/airplane/0787.png,7835
cifar10/test/airplane/0793.png,7861
cifar10/test/airplane/0744.png,7436
cifar10/test/airplane/0988.png,9912
cifar10/test/airplane/0750.png,7511
cifar10/test/airplane/0817.png,8063
cifar10/test/airplane/0803.png,7960
cifar10/test/airplane/0195.png,1965
cifar10/test/airplane/0618.png,6258
cifar10/test/airplane/0156.png,1596
cifar10/test/airplane/0142.png,1397
cifar10/test/airplane/0624.png,6306
cifar10/test/airplane/0397.png,4081
cifar10/test/airplane/0383.png,3903
cifar10/test/airplane/0368.png,3679
cifar10/test/airplane/0354.png,3536
cifar10/test/airplane/0432.png,4367
cifar10/test/airplane/0426.png,4313
cifar10/test/airplane/0340.png,3426
cifar10/test/airplane/0427.png,4328
cifar10/test/airplane/0341.png,3429
cifar10/test/airplane/0355.png,3548
cifar10/test/airplane/0433.png,4373
cifar10/test/airplane/0369.png,3680
cifar10/test/airplane/0382.png,3897
cifar10/test/airplane/0396.png,4062
cifar10/test/airplane/0143.png,1409
cifar10/test/airplane/0625.png,6320
cifar10/test/airplane/0631.png,6350
cifar10/test/airplane/0157.png,1617
cifar10/test/airplane/0619.png,6261
cifar10/test/airplane/0180.png,1796
cifar10/test/airplane/0194.png,1959
cifar10/test/airplane/0802.png,7929
cifar10/test/airplane/0816.png,8061
cifar10/test/airplane/0751.png,7513
cifar10/test/airplane/0989.png,9921
cifar10/test/airplane/0745.png,7449
cifar10/test/airplane/0023.png,235
cifar10/test/airplane/0779.png,7774
cifar10/test/airplane/0786.png,7816
cifar10/test/airplane/0976.png,9826
cifar10/test/airplane/0962.png,9695
cifar10/test/airplane/0553.png,5584
cifar10/test/airplane/0235.png,2368
cifar10/test/airplane/0547.png,5524
cifar10/test/airplane/0209.png,2110
cifar10/test/airplane/0584.png,5951
cifar10/test/airplane/0285.png,2877
cifar10/test/airplane/0291.png,2956
cifar10/test/airplane/0246.png,2461
cifar10/test/airplane/0520.png,5260
cifar10/test/airplane/0252.png,2532
cifar10/test/airplane/0508.png,5189
cifar10/test/airplane/0939.png,9493
cifar10/test/airplane/0087.png,864
cifar10/test/airplane/0905.png,9086
cifar10/test/airplane/0911.png,9170
cifar10/test/airplane/0722.png,7154
cifar10/test/airplane/0044.png,382
cifar10/test/airplane/0050.png,428
cifar10/test/airplane/0736.png,7347
cifar10/test/airplane/0078.png,778
cifar10/test/airplane/0695.png,6885
cifar10/test/airplane/0859.png,8694
cifar10/test/airplane/0681.png,6797
cifar10/test/airplane/0871.png,8828
cifar10/test/airplane/0865.png,8790
cifar10/test/airplane/0656.png,6588
cifar10/test/airplane/0130.png,1203
cifar10/test/airplane/0124.png,1161
cifar10/test/airplane/0642.png,6437
cifar10/test/airplane/0118.png,1090
cifar10/test/airplane/0497.png,5074
cifar10/test/airplane/0483.png,4922
cifar10/test/airplane/0332.png,3336
cifar10/test/airplane/0454.png,4558
cifar10/test/airplane/0440.png,4446
cifar10/test/airplane/0326.png,3278
cifar10/test/airplane/0468.png,4771
cifar10/test/airplane/0441.png,4447
cifar10/test/airplane/0327.png,3294
cifar10/test/airplane/0333.png,3338
cifar10/test/airplane/0455.png,4586
cifar10/test/airplane/0482.png,4909
cifar10/test/airplane/0496.png,5065
cifar10/test/airplane/0119.png,1093
cifar10/test/airplane/0125.png,1165
cifar10/test/airplane/0643.png,6450
cifar10/test/airplane/0657.png,6601
cifar10/test/airplane/0131.png,1210
cifar10/test/airplane/0864.png,8777
cifar10/test/airplane/0870.png,8825
cifar10/test/airplane/0680.png,6775
cifar10/test/airplane/0858.png,8666
cifar10/test/airplane/0694.png,6884
cifar10/test/airplane/0079.png,785
cifar10/test/airplane/0051.png,447
cifar10/test/airplane/0737.png,7354
cifar10/test/airplane/0723.png,7164
cifar10/test/airplane/0045.png,398
cifar10/test/airplane/0910.png,9151
cifar10/test/airplane/0092.png,888
cifar10/test/airplane/0509.png,5190
cifar10/test/airplane/0535.png,5382
cifar10/test/airplane/0253.png,2535
cifar10/test/airplane/0247.png,2463
cifar10/test/airplane/0521.png,5278
cifar10/test/airplane/0290.png,2951
cifar10/test/airplane/0284.png,2857
cifar10/test/airplane/0292.png,2958
cifar10/test/airplane/0286.png,2879
cifar10/test/airplane/0251.png,2507
cifar10/test/airplane/0537.png,5395
cifar10/test/airplane/0523.png,5280
cifar10/test/airplane/0245.png,2434
cifar10/test/airplane/0279.png,2792
cifar10/test/airplane/0090.png,885
cifar10/test/airplane/0084.png,847
cifar10/test/airplane/0912.png,9172
cifar10/test/airplane/0906.png,9097
cifar10/test/airplane/0735.png,7315
cifar10/test/airplane/0053.png,477
cifar10/test/airplane/0047.png,416
cifar10/test/airplane/0721.png,7148
cifar10/test/airplane/0709.png,7038
cifar10/test/airplane/0682.png,6799
cifar10/test/airplane/0696.png,6923
cifar10/test/airplane/0866.png,8795
cifar10/test/airplane/0872.png,8829
cifar10/test/airplane/0899.png,9045
cifar10/test/airplane/0127.png,1188
cifar10/test/airplane/0133.png,1241
cifar10/test/airplane/0655.png,6583
cifar10/test/airplane/0669.png,6660
cifar10/test/airplane/0480.png,4880
cifar10/test/airplane/0494.png,5043
cifar10/test/airplane/0325.png,3261
cifar10/test/airplane/0443.png,4453
cifar10/test/airplane/0457.png,4606
cifar10/test/airplane/0331.png,3335
cifar10/test/airplane/0319.png,3191
cifar10/test/airplane/0318.png,3184
cifar10/test/airplane/0456.png,4591
cifar10/test/airplane/0330.png,3321
cifar10/test/airplane/0324.png,3258
cifar10/test/airplane/0442.png,4450
cifar10/test/airplane/0495.png,5055
cifar10/test/airplane/0481.png,4901
cifar10/test/airplane/0668.png,6653
cifar10/test/airplane/0132.png,1237
cifar10/test/airplane/0654.png,6574
cifar10/test/airplane/0898.png,9031
cifar10/test/airplane/0640.png,6434
cifar10/test/airplane/0126.png,1183
cifar10/test/airplane/0873.png,8851
cifar10/test/airplane/0867.png,8800
cifar10/test/airplane/0697.png,6933
cifar10/test/airplane/0683.png,6808
cifar10/test/airplane/0046.png,406
cifar10/test/airplane/0720.png,7146
cifar10/test/airplane/0734.png,7289
cifar10/test/airplane/0052.png,473
cifar10/test/airplane/0907.png,9111
cifar10/test/airplane/0913.png,9181
cifar10/test/airplane/0085.png,854
cifar10/test/airplane/0091.png,886
cifar10/test/airplane/0278.png,2783
cifar10/test/airplane/0522.png,5279
cifar10/test/airplane/0244.png,2425
cifar10/test/airplane/0250.png,2490
cifar10/test/airplane/0536.png,5392
cifar10/test/airplane/0287.png,2892
cifar10/test/airplane/0293.png,2964
cifar10/test/airplane/0268.png,2679
cifar10/test/airplane/0532.png,5357
cifar10/test/airplane/0254.png,2548
cifar10/test/airplane/0240.png,2388
cifar10/test/airplane/0526.png,5302
cifar10/test/airplane/0917.png,9208
cifar10/test/airplane/0903.png,9065
cifar10/test/airplane/0081.png,814
cifar10/test/airplane/0718.png,7138
cifar10/test/airplane/0056.png,496
cifar10/test/airplane/0730.png,7240
cifar10/test/airplane/0724.png,7165
cifar10/test/airplane/0042.png,376
cifar10/test/airplane/0863.png,8769
cifar10/test/airplane/0877.png,8876
cifar10/test/airplane/0693.png,6877
cifar10/test/airplane/0678.png,6748
cifar10/test/airplane/0122.png,1137
cifar10/test/airplane/0644.png,6462
cifar10/test/airplane/0650.png,6508
cifar10/test/airplane/0136.png,1310
cifar10/test/airplane/0491.png,5027
cifar10/test/airplane/0308.png,3100
cifar10/test/airplane/0446.png,4474
cifar10/test/airplane/0320.png,3207
cifar10/test/airplane/0334.png,3342
cifar10/test/airplane/0452.png,4548
cifar10/test/airplane/0335.png,3396
cifar10/test/airplane/0453.png,4557
cifar10/test/airplane/0447.png,4490
cifar10/test/airplane/0321.png,3211
cifar10/test/airplane/0309.png,3102
cifar10/test/airplane/0490.png,5021
cifar10/test/airplane/0484.png,4937
cifar10/test/airplane/0889.png,8964
cifar10/test/airplane/0651.png,6544
cifar10/test/airplane/0137.png,1319
cifar10/test/airplane/0123.png,1152
cifar10/test/airplane/0645.png,6476
cifar10/test/airplane/0679.png,6772
cifar10/test/airplane/0692.png,6872
cifar10/test/airplane/0686.png,6821
cifar10/test/airplane/0876.png,8862
cifar10/test/airplane/0862.png,8761
cifar10/test/airplane/0725.png,7178
cifar10/test/airplane/0043.png,378
cifar10/test/airplane/0057.png,499
cifar10/test/airplane/0080.png,791
cifar10/test/airplane/0094.png,914
cifar10/test/airplane/0902.png,9052
cifar10/test/airplane/0916.png,9196
cifar10/test/airplane/0241.png,2400
cifar10/test/airplane/0527.png,5310
cifar10/test/airplane/0533.png,5367
cifar10/test/airplane/0255.png,2569
cifar10/test/airplane/0269.png,2680
cifar10/test/airplane/0282.png,2821
cifar10/test/airplane/0296.png,2973
cifar10/test/airplane/0294.png,2966
cifar10/test/airplane/0519.png,5259
cifar10/test/airplane/0531.png,5354
cifar10/test/airplane/0900.png,9046
cifar10/test/airplane/0914.png,9182
cifar10/test/airplane/0082.png,822
cifar10/test/airplane/0928.png,9356
cifar10/test/airplane/0096.png,928
cifar10/test/airplane/0069.png,642
cifar10/test/airplane/0041.png,359
cifar10/test/airplane/0727.png,7189
cifar10/test/airplane/0733.png,7284
cifar10/test/airplane/0055.png,491
cifar10/test/airplane/0874.png,8856
cifar10/test/airplane/0860.png,8702
cifar10/test/airplane/0848.png,8529
cifar10/test/airplane/0690.png,6860
cifar10/test/airplane/0684.png,6812
cifar10/test/airplane/0109.png,1026
cifar10/test/airplane/0135.png,1295
cifar10/test/airplane/0653.png,6549
cifar10/test/airplane/0647.png,6481
cifar10/test/airplane/0121.png,1109
cifar10/test/airplane/0492.png,5036
cifar10/test/airplane/0486.png,4953
cifar10/test/airplane/0451.png,4525
cifar10/test/airplane/0337.png,3412
cifar10/test/airplane/0323.png,3248
cifar10/test/airplane/0322.png,3219
cifar10/test/airplane/0444.png,4461
cifar10/test/airplane/0450.png,4515
cifar10/test/airplane/0336.png,3399
cifar10/test/airplane/1000.png,9991
cifar10/test/airplane/0478.png,4861
cifar10/test/airplane/0487.png,4968
cifar10/test/airplane/0493.png,5037
cifar10/test/airplane/0646.png,6480
cifar10/test/airplane/0120.png,1103
cifar10/test/airplane/0134.png,1266
cifar10/test/airplane/0652.png,6548
cifar10/test/airplane/0108.png,1023
cifar10/test/airplane/0685.png,6815
cifar10/test/airplane/0691.png,6864
cifar10/test/airplane/0849.png,8537
cifar10/test/airplane/0861.png,8743
cifar10/test/airplane/0875.png,8857
cifar10/test/airplane/0732.png,7257
cifar10/test/airplane/0054.png,489
cifar10/test/airplane/0040.png,352
cifar10/test/airplane/0726.png,7182
cifar10/test/airplane/0068.png,638
cifar10/test/airplane/0097.png,929
cifar10/test/airplane/0083.png,841
cifar10/test/airplane/0915.png,9193
cifar10/test/airplane/0901.png,9048
cifar10/test/airplane/0256.png,2570
cifar10/test/airplane/0530.png,5339
cifar10/test/airplane/0524.png,5293
cifar10/test/airplane/0242.png,2404
cifar10/test/airplane/0295.png,2968
cifar10/test/automobile/0298.png,3066
cifar10/test/automobile/0267.png,2773
cifar10/test/automobile/0501.png,4978
cifar10/test/automobile/0515.png,5090
cifar10/test/automobile/0273.png,2843
cifar10/test/automobile/0529.png,5240
cifar10/test/automobile/0918.png,9178
cifar10/test/automobile/0924.png,9227
cifar10/test/automobile/0930.png,9323
cifar10/test/automobile/0703.png,7129
cifar10/test/automobile/0065.png,781
cifar10/test/automobile/0071.png,865
cifar10/test/automobile/0717.png,7260
cifar10/test/automobile/0059.png,736
cifar10/test/automobile/0878.png,8648
cifar10/test/automobile/0850.png,8489
cifar10/test/automobile/0688.png,6991
cifar10/test/automobile/0844.png,8438
cifar10/test/automobile/0677.png,6841
cifar10/test/automobile/0111.png,1185
cifar10/test/automobile/0105.png,1144
cifar10/test/automobile/0663.png,6759
cifar10/test/automobile/0893.png,8837
cifar10/test/automobile/0139.png,1408
cifar10/test/automobile/0887.png,8764
cifar10/test/automobile/0313.png,3215
cifar10/test/automobile/0475.png,4790
cifar10/test/automobile/0461.png,4647
cifar10/test/automobile/0307.png,3150
cifar10/test/automobile/0449.png,4531
cifar10/test/automobile/0448.png,4516
cifar10/test/automobile/0460.png,4633
cifar10/test/automobile/0306.png,3149
cifar10/test/automobile/0312.png,3175
cifar10/test/automobile/0474.png,4773
cifar10/test/automobile/0138.png,1405
cifar10/test/automobile/0886.png,8751
cifar10/test/automobile/0892.png,8813
cifar10/test/automobile/0104.png,1141
cifar10/test/automobile/0662.png,6742
cifar10/test/automobile/0676.png,6838
cifar10/test/automobile/0845.png,8445
cifar10/test/automobile/0851.png,8494
cifar10/test/automobile/0879.png,8663
cifar10/test/automobile/0058.png,726
cifar10/test/automobile/0070.png,844
cifar10/test/automobile/0716.png,7243
cifar10/test/automobile/0702.png,7114
cifar10/test/automobile/0064.png,771
cifar10/test/automobile/0931.png,9339
cifar10/test/automobile/0925.png,9229
cifar10/test/automobile/0919.png,9179
cifar10/test/automobile/0528.png,5235
cifar10/test/automobile/0514.png,5079
cifar10/test/automobile/0272.png,2838
cifar10/test/automobile/0266.png,2764
cifar10/test/automobile/0500.png,4973
cifar10/test/automobile/0299.png,3074
cifar10/test/automobile/0270.png,2814
cifar10/test/automobile/0516.png,5108
cifar10/test/automobile/0502.png,4980
cifar10/test/automobile/0264.png,2757
cifar10/test/automobile/0258.png,2667
cifar10/test/automobile/0933.png,9345
cifar10/test/automobile/0927.png,9245
cifar10/test/automobile/0714.png,7225
cifar10/test/automobile/0072.png,869
cifar10/test/automobile/0066.png,796
cifar10/test/automobile/0700.png,7071
cifar10/test/automobile/0728.png,7329
cifar10/test/automobile/0660.png,6714
cifar10/test/automobile/0106.png,1156
cifar10/test/automobile/0112.png,1187
cifar10/test/automobile/0674.png,6832
cifar10/test/automobile/0884.png,8741
cifar10/test/automobile/0648.png,6581
cifar10/test/automobile/0890.png,8799
cifar10/test/automobile/0489.png,4893
cifar10/test/automobile/0304.png,3122
cifar10/test/automobile/0462.png,4658
cifar10/test/automobile/0476.png,4799
cifar10/test/automobile/0310.png,3162
cifar10/test/automobile/0338.png,3520
cifar10/test/automobile/0339.png,3527
cifar10/test/automobile/0477.png,4806
cifar10/test/automobile/0311.png,3165
cifar10/test/automobile/0305.png,3144
cifar10/test/automobile/0463.png,4663
cifar10/test/automobile/0891.png,8811
cifar10/test/automobile/0885.png,8744
cifar10/test/automobile/0113.png,1190
cifar10/test/automobile/0661.png,6728
cifar10/test/automobile/0107.png,1158
cifar10/test/automobile/0852.png,8495
cifar10/test/automobile/0846.png,8449
cifar10/test/automobile/0729.png,7359
cifar10/test/automobile/0067.png,801
cifar10/test/automobile/0701.png,7098
cifar10/test/automobile/0073.png,871
cifar10/test/automobile/0098.png,1054
cifar10/test/automobile/0926.png,9232
cifar10/test/automobile/0932.png,9340
cifar10/test/automobile/0259.png,2694
cifar10/test/automobile/0503.png,4981
cifar10/test/automobile/0265.png,2758
cifar10/test/automobile/0249.png,2601
cifar10/test/automobile/0513.png,5071
cifar10/test/automobile/0261.png,2712
cifar10/test/automobile/0507.png,5024
cifar10/test/automobile/0088.png,990
cifar10/test/automobile/0936.png,9368
cifar10/test/automobile/0922.png,9211
cifar10/test/automobile/0739.png,7473
cifar10/test/automobile/0077.png,906
cifar10/test/automobile/0711.png,7199
cifar10/test/automobile/0705.png,7136
cifar10/test/automobile/0063.png,764
cifar10/test/automobile/0842.png,8395
cifar10/test/automobile/0856.png,8504
cifar10/test/automobile/0659.png,6704
cifar10/test/automobile/0881.png,8678
cifar10/test/automobile/0895.png,8850
cifar10/test/automobile/0103.png,1134
cifar10/test/automobile/0665.png,6770
cifar10/test/automobile/0671.png,6817
cifar10/test/automobile/0117.png,1229
cifar10/test/automobile/0498.png,4954
cifar10/test/automobile/0329.png,3407
cifar10/test/automobile/0301.png,3080
cifar10/test/automobile/0315.png,3246
cifar10/test/automobile/0473.png,4766
cifar10/test/automobile/0472.png,4762
cifar10/test/automobile/0466.png,4713
cifar10/test/automobile/0300.png,3077
cifar10/test/automobile/0328.png,3394
cifar10/test/automobile/0499.png,4969
cifar10/test/automobile/0670.png,6816
cifar10/test/automobile/0116.png,1212
cifar10/test/automobile/0102.png,1131
cifar10/test/automobile/0664.png,6767
cifar10/test/automobile/0894.png,8839
cifar10/test/automobile/0880.png,8674
cifar10/test/automobile/0658.png,6701
cifar10/test/automobile/0857.png,8508
cifar10/test/automobile/0843.png,8417
cifar10/test/automobile/0704.png,7133
cifar10/test/automobile/0062.png,759
cifar10/test/automobile/0076.png,895
cifar10/test/automobile/0710.png,7173
cifar10/test/automobile/0738.png,7472
cifar10/test/automobile/0923.png,9223
cifar10/test/automobile/0937.png,9373
cifar10/test/automobile/0260.png,2701
cifar10/test/automobile/0506.png,5019
cifar10/test/automobile/0512.png,5061
cifar10/test/automobile/0274.png,2859
cifar10/test/automobile/0248.png,2541
cifar10/test/automobile/0289.png,3012
cifar10/test/automobile/0538.png,5347
cifar10/test/automobile/0262.png,2740
cifar10/test/automobile/0276.png,2875
cifar10/test/automobile/0510.png,5056
cifar10/test/automobile/0921.png,9197
cifar10/test/automobile/0935.png,9352
cifar10/test/automobile/0909.png,9066
cifar10/test/automobile/0048.png,619
cifar10/test/automobile/0060.png,738
cifar10/test/automobile/0706.png,7151
cifar10/test/automobile/0712.png,7208
cifar10/test/automobile/0074.png,887
cifar10/test/automobile/0855.png,8503
cifar10/test/automobile/0841.png,8391
cifar10/test/automobile/0699.png,7063
cifar10/test/automobile/0869.png,8595
cifar10/test/automobile/0128.png,1332
cifar10/test/automobile/0896.png,8866
cifar10/test/automobile/0882.png,8709
cifar10/test/automobile/0114.png,1191
cifar10/test/automobile/0672.png,6820
cifar10/test/automobile/0666.png,6788
cifar10/test/automobile/0100.png,1098
cifar10/test/automobile/0458.png,4611
cifar10/test/automobile/0470.png,4752
cifar10/test/automobile/0316.png,3263
cifar10/test/automobile/0302.png,3091
cifar10/test/automobile/0464.png,4684
cifar10/test/automobile/0465.png,4689
cifar10/test/automobile/0471.png,4755
cifar10/test/automobile/0317.png,3274
cifar10/test/automobile/0459.png,4613
cifar10/test/automobile/0101.png,1115
cifar10/test/automobile/0115.png,1206
cifar10/test/automobile/0673.png,6830
cifar10/test/automobile/0883.png,8712
cifar10/test/automobile/0129.png,1335
cifar10/test/automobile/0897.png,8880
cifar10/test/automobile/0868.png,8593
cifar10/test/automobile/0698.png,7053
cifar10/test/automobile/0840.png,8390
cifar10/test/automobile/0713.png,7215
cifar10/test/automobile/0061.png,753
cifar10/test/automobile/0707.png,7156
cifar10/test/automobile/0049.png,622
cifar10/test/automobile/0908.png,9064
cifar10/test/automobile/0934.png,9351
cifar10/test/automobile/0920.png,9185
cifar10/test/automobile/0277.png,2906
cifar10/test/automobile/0511.png,5058
cifar10/test/automobile/0505.png,4999
cifar10/test/automobile/0263.png,2748
cifar10/test/automobile/0539.png,5348
cifar10/test/automobile/0288.png,3001
cifar10/test/automobile/0589.png,5914
cifar10/test/automobile/0562.png,5563
cifar10/test/automobile/0204.png,2063
cifar10/test/automobile/0210.png,2112
cifar10/test/automobile/0576.png,5741
cifar10/test/automobile/0947.png,9510
cifar10/test/automobile/0953.png,9580
cifar10/test/automobile/0006.png,82
cifar10/test/automobile/0760.png,7631
cifar10/test/automobile/0774.png,7862
cifar10/test/automobile/0012.png,134
cifar10/test/automobile/0984.png,9816
cifar10/test/automobile/0990.png,9882
cifar10/test/automobile/0748.png,7555
cifar10/test/automobile/0833.png,8342
cifar10/test/automobile/0827.png,8261
cifar10/test/automobile/0172.png,1711
cifar10/test/automobile/0614.png,6195
cifar10/test/automobile/0600.png,6090
cifar10/test/automobile/0166.png,1621
cifar10/test/automobile/0416.png,4236
cifar10/test/automobile/0370.png,3772
cifar10/test/automobile/0364.png,3723
cifar10/test/automobile/0402.png,4129
cifar10/test/automobile/0358.png,3663
cifar10/test/automobile/0359.png,3678
cifar10/test/automobile/0365.png,3730
cifar10/test/automobile/0403.png,4131
cifar10/test/automobile/0417.png,4237
cifar10/test/automobile/0371.png,3794
cifar10/test/automobile/0629.png,6415
cifar10/test/automobile/0601.png,6100
cifar10/test/automobile/0167.png,1631
cifar10/test/automobile/0173.png,1716
cifar10/test/automobile/0826.png,8260
cifar10/test/automobile/0198.png,1991
cifar10/test/automobile/0832.png,8333
cifar10/test/automobile/0749.png,7565
cifar10/test/automobile/0991.png,9894
cifar10/test/automobile/0985.png,9824
cifar10/test/automobile/0775.png,7864
cifar10/test/automobile/0007.png,104
cifar10/test/automobile/0761.png,7634
cifar10/test/automobile/0952.png,9563
cifar10/test/automobile/0946.png,9496
cifar10/test/automobile/0239.png,2450
cifar10/test/automobile/0211.png,2125
cifar10/test/automobile/0577.png,5783
cifar10/test/automobile/0563.png,5566
cifar10/test/automobile/0205.png,2080
cifar10/test/automobile/0588.png,5909
cifar10/test/automobile/0575.png,5726
cifar10/test/automobile/0213.png,2164
cifar10/test/automobile/0207.png,2092
cifar10/test/automobile/0561.png,5517
cifar10/test/automobile/0549.png,5396
cifar10/test/automobile/0978.png,9800
cifar10/test/automobile/0788.png,7936
cifar10/test/automobile/0944.png,9457
cifar10/test/automobile/0011.png,131
cifar10/test/automobile/0777.png,7876
cifar10/test/automobile/0763.png,7656
cifar10/test/automobile/0005.png,81
cifar10/test/automobile/0993.png,9906
cifar10/test/automobile/0987.png,9843
cifar10/test/automobile/0818.png,8165
cifar10/test/automobile/0830.png,8297
cifar10/test/automobile/0165.png,1614
cifar10/test/automobile/0603.png,6117
cifar10/test/automobile/0617.png,6251
cifar10/test/automobile/0171.png,1706
cifar10/test/automobile/0159.png,1549
cifar10/test/automobile/0398.png,4059
cifar10/test/automobile/0401.png,4128
cifar10/test/automobile/0367.png,3762
cifar10/test/automobile/0373.png,3826
cifar10/test/automobile/0415.png,4215
cifar10/test/automobile/0429.png,4327
cifar10/test/automobile/0414.png,4212
cifar10/test/automobile/0400.png,4080
cifar10/test/automobile/0399.png,4067
cifar10/test/automobile/0158.png,1545
cifar10/test/automobile/0616.png,6236
cifar10/test/automobile/0170.png,1684
cifar10/test/automobile/0164.png,1604
cifar10/test/automobile/0831.png,8304
cifar10/test/automobile/0819.png,8194
cifar10/test/automobile/0986.png,9830
cifar10/test/automobile/0038.png,462
cifar10/test/automobile/0992.png,9905
cifar10/test/automobile/0762.png,7638
cifar10/test/automobile/0004.png,66
cifar10/test/automobile/0010.png,122
cifar10/test/automobile/0776.png,7873
cifar10/test/automobile/0945.png,9487
cifar10/test/automobile/0951.png,9559
cifar10/test/automobile/0979.png,9803
cifar10/test/automobile/0548.png,5394
cifar10/test/automobile/0206.png,2086
cifar10/test/automobile/0560.png,5483
cifar10/test/automobile/0212.png,2142
cifar10/test/automobile/0558.png,5474
cifar10/test/automobile/0216.png,2206
cifar10/test/automobile/0570.png,5678
cifar10/test/automobile/0564.png,5572
cifar10/test/automobile/0202.png,2042
cifar10/test/automobile/0955.png,9591
cifar10/test/automobile/0941.png,9432
cifar10/test/automobile/0996.png,9916
cifar10/test/automobile/0982.png,9811
cifar10/test/automobile/0772.png,7819
cifar10/test/automobile/0014.png,193
cifar10/test/automobile/0766.png,7715
cifar10/test/automobile/0821.png,8215
cifar10/test/automobile/0835.png,8356
cifar10/test/automobile/0809.png,8094
cifar10/test/automobile/0148.png,1458
cifar10/test/automobile/0606.png,6150
cifar10/test/automobile/0160.png,1564
cifar10/test/automobile/0174.png,1740
cifar10/test/automobile/0612.png,6184
cifar10/test/automobile/0389.png,3963
cifar10/test/automobile/0438.png,4425
cifar10/test/automobile/0362.png,3702
cifar10/test/automobile/0404.png,4134
cifar10/test/automobile/0410.png,4189
cifar10/test/automobile/0376.png,3855
cifar10/test/automobile/0411.png,4201
cifar10/test/automobile/0363.png,3715
cifar10/test/automobile/0405.png,4135
cifar10/test/automobile/0439.png,4430
cifar10/test/automobile/0388.png,3951
cifar10/test/automobile/0613.png,6194
cifar10/test/automobile/0607.png,6159
cifar10/test/automobile/0161.png,1569
cifar10/test/automobile/0149.png,1464
cifar10/test/automobile/0808.png,8056
cifar10/test/automobile/0834.png,8347
cifar10/test/automobile/0820.png,8214
cifar10/test/automobile/0001.png,6
cifar10/test/automobile/0767.png,7728
cifar10/test/automobile/0773.png,7840
cifar10/test/automobile/0015.png,201
cifar10/test/automobile/0983.png,9813
cifar10/test/automobile/0997.png,9935
cifar10/test/automobile/0029.png,351
cifar10/test/automobile/0968.png,9687
cifar10/test/automobile/0940.png,9427
cifar10/test/automobile/0798.png,8001
cifar10/test/automobile/0954.png,9588
cifar10/test/automobile/0203.png,2045
cifar10/test/automobile/0217.png,2220
cifar10/test/automobile/0571.png,5685
cifar10/test/automobile/0559.png,5480
cifar10/test/automobile/0598.png,6084
cifar10/test/automobile/0229.png,2346
cifar10/test/automobile/0201.png,2031
cifar10/test/automobile/0567.png,5622
cifar10/test/automobile/0215.png,2179
cifar10/test/automobile/0942.png,9436
cifar10/test/automobile/0956.png,9592
cifar10/test/automobile/0981.png,9808
cifar10/test/automobile/0995.png,9909
cifar10/test/automobile/0765.png,7704
cifar10/test/automobile/0017.png,231
cifar10/test/automobile/0771.png,7759
cifar10/test/automobile/0836.png,8366
cifar10/test/automobile/0188.png,1880
cifar10/test/automobile/0822.png,8222
cifar10/test/automobile/0639.png,6492
cifar10/test/automobile/0611.png,6182
cifar10/test/automobile/0177.png,1751
cifar10/test/automobile/0163.png,1591
cifar10/test/automobile/0605.png,6130
cifar10/test/automobile/0349.png,3611
cifar10/test/automobile/0413.png,4207
cifar10/test/automobile/0407.png,4164
cifar10/test/automobile/0406.png,4144
cifar10/test/automobile/0360.png,3691
cifar10/test/automobile/0374.png,3828
cifar10/test/automobile/0412.png,4206
cifar10/test/automobile/0348.png,3583
cifar10/test/automobile/0162.png,1583
cifar10/test/automobile/0604.png,6119
cifar10/test/automobile/0610.png,6173
cifar10/test/automobile/0176.png,1747
cifar10/test/automobile/0638.png,6472
cifar10/test/automobile/0823.png,8238
cifar10/test/automobile/0837.png,8372
cifar10/test/automobile/0189.png,1882
cifar10/test/automobile/0016.png,204
cifar10/test/automobile/0770.png,7749
cifar10/test/automobile/0764.png,7674
cifar10/test/automobile/0002.png,9
cifar10/test/automobile/0994.png,9907
cifar10/test/automobile/0758.png,7623
cifar10/test/automobile/0980.png,9807
cifar10/test/automobile/0957.png,9593
cifar10/test/automobile/0943.png,9455
cifar10/test/automobile/0572.png,5697
cifar10/test/automobile/0214.png,2176
cifar10/test/automobile/0200.png,2009
cifar10/test/automobile/0566.png,5604
cifar10/test/automobile/0228.png,2345
cifar10/test/automobile/0599.png,6086
cifar10/test/automobile/0580.png,5805
cifar10/test/automobile/0594.png,6010
cifar10/test/automobile/0543.png,5375
cifar10/test/automobile/0225.png,2308
cifar10/test/automobile/0231.png,2357
cifar10/test/automobile/0557.png,5472
cifar10/test/automobile/0782.png,7894
cifar10/test/automobile/0796.png,7986
cifar10/test/automobile/0966.png,9663
cifar10/test/automobile/0972.png,9739
cifar10/test/automobile/0027.png,325
cifar10/test/automobile/0999.png,9974
cifar10/test/automobile/0741.png,7483
cifar10/test/automobile/0755.png,7584
cifar10/test/automobile/0033.png,390
cifar10/test/automobile/0769.png,7734
cifar10/test/automobile/0190.png,1904
cifar10/test/automobile/0184.png,1810
cifar10/test/automobile/0812.png,8107
cifar10/test/automobile/0806.png,8049
cifar10/test/automobile/0153.png,1500
cifar10/test/automobile/0147.png,1457
cifar10/test/automobile/0609.png,6172
cifar10/test/automobile/0392.png,3988
cifar10/test/automobile/0386.png,3942
cifar10/test/automobile/0437.png,4424
cifar10/test/automobile/0351.png,3619
cifar10/test/automobile/0345.png,3560
cifar10/test/automobile/0423.png,4285
cifar10/test/automobile/0379.png,3891
cifar10/test/automobile/0378.png,3882
cifar10/test/automobile/0344.png,3554
cifar10/test/automobile/0422.png,4278
cifar10/test/automobile/0436.png,4401
cifar10/test/automobile/0350.png,3612
cifar10/test/automobile/0387.png,3948
cifar10/test/automobile/0393.png,4013
cifar10/test/automobile/0608.png,6166
cifar10/test/automobile/0620.png,6281
cifar10/test/automobile/0146.png,1444
cifar10/test/automobile/0152.png,1493
cifar10/test/automobile/0634.png,6445
cifar10/test/automobile/0807.png,8053
cifar10/test/automobile/0185.png,1811
cifar10/test/automobile/0191.png,1907
cifar10/test/automobile/0768.png,7731
cifar10/test/automobile/0754.png,7583
cifar10/test/automobile/0032.png,369
cifar10/test/automobile/0740.png,7480
cifar10/test/automobile/0998.png,9941
cifar10/test/automobile/0967.png,9670
cifar10/test/automobile/0797.png,7997
cifar10/test/automobile/0783.png,7898
cifar10/test/automobile/0218.png,2224
cifar10/test/automobile/0230.png,2351
cifar10/test/automobile/0556.png,5470
cifar10/test/automobile/0542.png,5366
cifar10/test/automobile/0224.png,2294
cifar10/test/automobile/0595.png,6048
cifar10/test/automobile/0581.png,5851
cifar10/test/automobile/0597.png,6080
cifar10/test/automobile/0583.png,5875
cifar10/test/automobile/0554.png,5449
cifar10/test/automobile/0232.png,2369
cifar10/test/automobile/0226.png,2327
cifar10/test/automobile/0540.png,5353
cifar10/test/automobile/0568.png,5624
cifar10/test/automobile/0795.png,7973
cifar10/test/automobile/0781.png,7893
cifar10/test/automobile/0965.png,9662
cifar10/test/automobile/0030.png,363
cifar10/test/automobile/0756.png,7595
cifar10/test/automobile/0742.png,7484
cifar10/test/automobile/0024.png,290
cifar10/test/automobile/0018.png,240
cifar10/test/automobile/0187.png,1850
cifar10/test/automobile/0839.png,8389
cifar10/test/automobile/0193.png,1925
cifar10/test/automobile/0811.png,8098
cifar10/test/automobile/0144.png,1435
cifar10/test/automobile/0150.png,1467
cifar10/test/automobile/0178.png,1761
cifar10/test/automobile/0385.png,3930
cifar10/test/automobile/0391.png,3987
cifar10/test/automobile/0420.png,4271
cifar10/test/automobile/0346.png,3565
cifar10/test/automobile/0352.png,3629
cifar10/test/automobile/0408.png,4166
cifar10/test/automobile/0409.png,4170
cifar10/test/automobile/0353.png,3632
cifar10/test/automobile/0435.png,4379
cifar10/test/automobile/0421.png,4274
cifar10/test/automobile/0347.png,3579
cifar10/test/automobile/0390.png,3976
cifar10/test/automobile/0384.png,3925
cifar10/test/automobile/0179.png,1769
cifar10/test/automobile/0637.png,6470
cifar10/test/automobile/0151.png,1480
cifar10/test/automobile/0145.png,1437
cifar10/test/automobile/0623.png,6329
cifar10/test/automobile/0810.png,8097
cifar10/test/automobile/0804.png,8037
cifar10/test/automobile/0192.png,1923
cifar10/test/automobile/0186.png,1829
cifar10/test/automobile/0838.png,8388
cifar10/test/automobile/0019.png,241
cifar10/test/automobile/0743.png,7486
cifar10/test/automobile/0025.png,305
cifar10/test/automobile/0031.png,366
cifar10/test/automobile/0757.png,7604
cifar10/test/automobile/0964.png,9645
cifar10/test/automobile/0970.png,9696
cifar10/test/automobile/0958.png,9601
cifar10/test/automobile/0780.png,7892
cifar10/test/automobile/0794.png,7964
cifar10/test/automobile/0569.png,5667
cifar10/test/automobile/0227.png,2334
cifar10/test/automobile/0541.png,5358
cifar10/test/automobile/0555.png,5456
cifar10/test/automobile/0233.png,2378
cifar10/test/automobile/0582.png,5861
cifar10/test/automobile/0596.png,6058
cifar10/test/automobile/0592.png,5970
cifar10/test/automobile/0586.png,5899
cifar10/test/automobile/0579.png,5803
cifar10/test/automobile/0237.png,2438
cifar10/test/automobile/0551.png,5422
cifar10/test/automobile/0545.png,5380
cifar10/test/automobile/0223.png,2289
cifar10/test/automobile/0974.png,9763
cifar10/test/automobile/0960.png,9618
cifar10/test/automobile/0790.png,7943
cifar10/test/automobile/0948.png,9520
cifar10/test/automobile/0784.png,7901
cifar10/test/automobile/0009.png,114
cifar10/test/automobile/0035.png,414
cifar10/test/automobile/0021.png,261
cifar10/test/automobile/0747.png,7535
cifar10/test/automobile/0800.png,8021
cifar10/test/automobile/0814.png,8138
cifar10/test/automobile/0182.png,1797
cifar10/test/automobile/0196.png,1969
cifar10/test/automobile/0828.png,8282
cifar10/test/automobile/0169.png,1677
cifar10/test/automobile/0627.png,6405
cifar10/test/automobile/0141.png,1412
cifar10/test/automobile/0155.png,1509
cifar10/test/automobile/0633.png,6431
cifar10/test/automobile/0380.png,3895
cifar10/test/automobile/0394.png,4015
cifar10/test/automobile/0419.png,4250
cifar10/test/automobile/0343.png,3553
cifar10/test/automobile/0425.png,4292
cifar10/test/automobile/0431.png,4341
cifar10/test/automobile/0357.png,3661
cifar10/test/automobile/0430.png,4337
cifar10/test/automobile/0356.png,3647
cifar10/test/automobile/0342.png,3549
cifar10/test/automobile/0424.png,4288
cifar10/test/automobile/0418.png,4245
cifar10/test/automobile/0395.png,4025
cifar10/test/automobile/0381.png,3898
cifar10/test/automobile/0154.png,1504
cifar10/test/automobile/0632.png,6430
cifar10/test/automobile/0626.png,6399
cifar10/test/automobile/0140.png,1410
cifar10/test/automobile/0168.png,1633
cifar10/test/automobile/0197.png,1970
cifar10/test/automobile/0829.png,8283
cifar10/test/automobile/0183.png,1806
cifar10/test/automobile/0815.png,8139
cifar10/test/automobile/0801.png,8028
cifar10/test/automobile/0020.png,246
cifar10/test/automobile/0746.png,7532
cifar10/test/automobile/0752.png,7573
cifar10/test/automobile/0034.png,407
cifar10/test/automobile/0008.png,105
cifar10/test/automobile/0785.png,7903
cifar10/test/automobile/0949.png,9535
cifar10/test/automobile/0791.png,7946
cifar10/test/automobile/0961.png,9626
cifar10/test/automobile/0975.png,9788
cifar10/test/automobile/0544.png,5378
cifar10/test/automobile/0222.png,2274
cifar10/test/automobile/0236.png,2396
cifar10/test/automobile/0587.png,5905
cifar10/test/automobile/0585.png,5887
cifar10/test/automobile/0591.png,5937
cifar10/test/automobile/0208.png,2099
cifar10/test/automobile/0546.png,5386
cifar10/test/automobile/0552.png,5431
cifar10/test/automobile/0963.png,9634
cifar10/test/automobile/0977.png,9797
cifar10/test/automobile/0787.png,7909
cifar10/test/automobile/0793.png,7953
cifar10/test/automobile/0778.png,7878
cifar10/test/automobile/0744.png,7487
cifar10/test/automobile/0022.png,283
cifar10/test/automobile/0036.png,439
cifar10/test/automobile/0803.png,8035
cifar10/test/automobile/0181.png,1786
cifar10/test/automobile/0630.png,6417
cifar10/test/automobile/0156.png,1511
cifar10/test/automobile/0142.png,1413
cifar10/test/automobile/0624.png,6371
cifar10/test/automobile/0383.png,3921
cifar10/test/automobile/0368.png,3764
cifar10/test/automobile/0354.png,3642
cifar10/test/automobile/0426.png,4314
cifar10/test/automobile/0340.png,3528
cifar10/test/automobile/0427.png,4318
cifar10/test/automobile/0341.png,3544
cifar10/test/automobile/0355.png,3645
cifar10/test/automobile/0433.png,4372
cifar10/test/automobile/0369.png,3768
cifar10/test/automobile/0382.png,3904
cifar10/test/automobile/0396.png,4030
cifar10/test/automobile/0143.png,1414
cifar10/test/automobile/0625.png,6372
cifar10/test/automobile/0631.png,6426
cifar10/test/automobile/0157.png,1517
cifar10/test/automobile/0619.png,6279
cifar10/test/automobile/0180.png,1784
cifar10/test/automobile/0194.png,1930
cifar10/test/automobile/0802.png,8032
cifar10/test/automobile/0816.png,8155
cifar10/test/automobile/0037.png,440
cifar10/test/automobile/0751.png,7572
cifar10/test/automobile/0989.png,9866
cifar10/test/automobile/0023.png,286
cifar10/test/automobile/0779.png,7889
cifar10/test/automobile/0792.png,7948
cifar10/test/automobile/0976.png,9794
cifar10/test/automobile/0962.png,9629
cifar10/test/automobile/0553.png,5439
cifar10/test/automobile/0235.png,2393
cifar10/test/automobile/0221.png,2258
cifar10/test/automobile/0209.png,2103
cifar10/test/automobile/0590.png,5918
cifar10/test/automobile/0584.png,5882
cifar10/test/automobile/0285.png,2950
cifar10/test/automobile/0246.png,2522
cifar10/test/automobile/0534.png,5307
cifar10/test/automobile/0252.png,2620
cifar10/test/automobile/0508.png,5048
cifar10/test/automobile/0939.png,9421
cifar10/test/automobile/0087.png,987
cifar10/test/automobile/0093.png,1016
cifar10/test/automobile/0905.png,9001
cifar10/test/automobile/0911.png,9110
cifar10/test/automobile/0044.png,546
cifar10/test/automobile/0050.png,629
cifar10/test/automobile/0736.png,7450
cifar10/test/automobile/0695.png,7021
cifar10/test/automobile/0859.png,8522
cifar10/test/automobile/0681.png,6886
cifar10/test/automobile/0871.png,8603
cifar10/test/automobile/0865.png,8564
cifar10/test/automobile/0656.png,6685
cifar10/test/automobile/0130.png,1340
cifar10/test/automobile/0124.png,1288
cifar10/test/automobile/0642.png,6550
cifar10/test/automobile/0118.png,1232
cifar10/test/automobile/0497.png,4949
cifar10/test/automobile/0483.png,4848
cifar10/test/automobile/0332.png,3460
cifar10/test/automobile/0454.png,4594
cifar10/test/automobile/0440.png,4431
cifar10/test/automobile/0326.png,3389
cifar10/test/automobile/0468.png,4736
cifar10/test/automobile/0469.png,4741
cifar10/test/automobile/0441.png,4437
cifar10/test/automobile/0327.png,3392
cifar10/test/automobile/0333.png,3471
cifar10/test/automobile/0455.png,4598
cifar10/test/automobile/0496.png,4948
cifar10/test/automobile/0119.png,1234
cifar10/test/automobile/0125.png,1301
cifar10/test/automobile/0657.png,6688
cifar10/test/automobile/0131.png,1354
cifar10/test/automobile/0864.png,8559
cifar10/test/automobile/0870.png,8596
cifar10/test/automobile/0680.png,6879
cifar10/test/automobile/0858.png,8517
cifar10/test/automobile/0694.png,7017
cifar10/test/automobile/0079.png,941
cifar10/test/automobile/0051.png,645
cifar10/test/automobile/0737.png,7455
cifar10/test/automobile/0045.png,572
cifar10/test/automobile/0910.png,9079
cifar10/test/automobile/0904.png,8990
cifar10/test/automobile/0938.png,9387
cifar10/test/automobile/0086.png,978
cifar10/test/automobile/0535.png,5318
cifar10/test/automobile/0253.png,2634
cifar10/test/automobile/0247.png,2537
cifar10/test/automobile/0290.png,3020
cifar10/test/automobile/0292.png,3028
cifar10/test/automobile/0286.png,2986
cifar10/test/automobile/0251.png,2616
cifar10/test/automobile/0537.png,5323
cifar10/test/automobile/0523.png,5201
cifar10/test/automobile/0245.png,2520
cifar10/test/automobile/0279.png,2916
cifar10/test/automobile/0090.png,1005
cifar10/test/automobile/0084.png,968
cifar10/test/automobile/0912.png,9113
cifar10/test/automobile/0906.png,9016
cifar10/test/automobile/0735.png,7416
cifar10/test/automobile/0053.png,657
cifar10/test/automobile/0047.png,604
cifar10/test/automobile/0721.png,7280
cifar10/test/automobile/0709.png,7169
cifar10/test/automobile/0682.png,6906
cifar10/test/automobile/0696.png,7035
cifar10/test/automobile/0866.png,8579
cifar10/test/automobile/0872.png,8606
cifar10/test/automobile/0641.png,6536
cifar10/test/automobile/0899.png,8910
cifar10/test/automobile/0127.png,1313
cifar10/test/automobile/0133.png,1371
cifar10/test/automobile/0655.png,6659
cifar10/test/automobile/0669.png,6806
cifar10/test/automobile/0480.png,4838
cifar10/test/automobile/0494.png,4927
cifar10/test/automobile/0325.png,3372
cifar10/test/automobile/0443.png,4466
cifar10/test/automobile/0457.png,4607
cifar10/test/automobile/0331.png,3449
cifar10/test/automobile/0319.png,3293
cifar10/test/automobile/0318.png,3285
cifar10/test/automobile/0330.png,3418
cifar10/test/automobile/0324.png,3370
cifar10/test/automobile/0442.png,4441
cifar10/test/automobile/0495.png,4930
cifar10/test/automobile/0481.png,4841
cifar10/test/automobile/0668.png,6805
cifar10/test/automobile/0132.png,1363
cifar10/test/automobile/0898.png,8907
cifar10/test/automobile/0640.png,6493
cifar10/test/automobile/0126.png,1306
cifar10/test/automobile/0873.png,8621
cifar10/test/automobile/0697.png,7052
cifar10/test/automobile/0683.png,6915
cifar10/test/automobile/0708.png,7166
cifar10/test/automobile/0046.png,594
cifar10/test/automobile/0720.png,7276
cifar10/test/automobile/0734.png,7413
cifar10/test/automobile/0052.png,656
cifar10/test/automobile/0907.png,9042
cifar10/test/automobile/0913.png,9125
cifar10/test/automobile/0085.png,973
cifar10/test/automobile/0091.png,1006
cifar10/test/automobile/0278.png,2911
cifar10/test/automobile/0522.png,5182
cifar10/test/automobile/0244.png,2504
cifar10/test/automobile/0536.png,5321
cifar10/test/automobile/0293.png,3029
cifar10/test/automobile/0297.png,3064
cifar10/test/automobile/0283.png,2943
cifar10/test/automobile/0268.png,2784
cifar10/test/automobile/0532.png,5270
cifar10/test/automobile/0254.png,2636
cifar10/test/automobile/0240.png,2454
cifar10/test/automobile/0526.png,5226
cifar10/test/automobile/0917.png,9169
cifar10/test/automobile/0903.png,8959
cifar10/test/automobile/0095.png,1021
cifar10/test/automobile/0081.png,953
cifar10/test/automobile/0718.png,7272
cifar10/test/automobile/0056.png,677
cifar10/test/automobile/0730.png,7363
cifar10/test/automobile/0724.png,7309
cifar10/test/automobile/0042.png,513
cifar10/test/automobile/0877.png,8645
cifar10/test/automobile/0687.png,6984
cifar10/test/automobile/0693.png,7013
cifar10/test/automobile/0678.png,6843
cifar10/test/automobile/0122.png,1260
cifar10/test/automobile/0644.png,6555
cifar10/test/automobile/0650.png,6597
cifar10/test/automobile/0888.png,8772
cifar10/test/automobile/0136.png,1396
cifar10/test/automobile/0485.png,4855
cifar10/test/automobile/0491.png,4897
cifar10/test/automobile/0308.png,3152
cifar10/test/automobile/0446.png,4478
cifar10/test/automobile/0320.png,3341
cifar10/test/automobile/0334.png,3485
cifar10/test/automobile/0452.png,4549
cifar10/test/automobile/0335.png,3488
cifar10/test/automobile/0453.png,4560
cifar10/test/automobile/0447.png,4506
cifar10/test/automobile/0321.png,3348
cifar10/test/automobile/0309.png,3153
cifar10/test/automobile/0490.png,4895
cifar10/test/automobile/0484.png,4850
cifar10/test/automobile/0889.png,8775
cifar10/test/automobile/0651.png,6638
cifar10/test/automobile/0137.png,1404
cifar10/test/automobile/0123.png,1270
cifar10/test/automobile/0645.png,6566
cifar10/test/automobile/0679.png,6858
cifar10/test/automobile/0692.png,7008
cifar10/test/automobile/0686.png,6982
cifar10/test/automobile/0876.png,8640
cifar10/test/automobile/0862.png,8549
cifar10/test/automobile/0725.png,7311
cifar10/test/automobile/0043.png,540
cifar10/test/automobile/0057.png,723
cifar10/test/automobile/0731.png,7376
cifar10/test/automobile/0719.png,7274
cifar10/test/automobile/0080.png,947
cifar10/test/automobile/0094.png,1020
cifar10/test/automobile/0902.png,8955
cifar10/test/automobile/0916.png,9162
cifar10/test/automobile/0241.png,2462
cifar10/test/automobile/0533.png,5285
cifar10/test/automobile/0255.png,2645
cifar10/test/automobile/0269.png,2813
cifar10/test/automobile/0282.png,2929
cifar10/test/automobile/0296.png,3058
cifar10/test/automobile/0280.png,2924
cifar10/test/automobile/0294.png,3033
cifar10/test/automobile/0243.png,2484
cifar10/test/automobile/0257.png,2665
cifar10/test/automobile/0531.png,5245
cifar10/test/automobile/0900.png,8938
cifar10/test/automobile/0914.png,9126
cifar10/test/automobile/0082.png,961
cifar10/test/automobile/0928.png,9265
cifar10/test/automobile/0096.png,1047
cifar10/test/automobile/0069.png,836
cifar10/test/automobile/0041.png,494
cifar10/test/automobile/0727.png,7324
cifar10/test/automobile/0733.png,7394
cifar10/test/automobile/0055.png,668
cifar10/test/automobile/0874.png,8623
cifar10/test/automobile/0860.png,8527
cifar10/test/automobile/0848.png,8463
cifar10/test/automobile/0690.png,7001
cifar10/test/automobile/0684.png,6940
cifar10/test/automobile/0109.png,1176
cifar10/test/automobile/0135.png,1378
cifar10/test/automobile/0653.png,6643
cifar10/test/automobile/0647.png,6580
cifar10/test/automobile/0492.png,4912
cifar10/test/automobile/0486.png,4863
cifar10/test/automobile/0451.png,4543
cifar10/test/automobile/0337.png,3517
cifar10/test/automobile/0323.png,3362
cifar10/test/automobile/0445.png,4476
cifar10/test/automobile/0322.png,3351
cifar10/test/automobile/0444.png,4475
cifar10/test/automobile/0450.png,4532
cifar10/test/automobile/0336.png,3500
cifar10/test/automobile/1000.png,9998
cifar10/test/automobile/0478.png,4822
cifar10/test/automobile/0487.png,4875
cifar10/test/automobile/0493.png,4913
cifar10/test/automobile/0120.png,1238
cifar10/test/automobile/0134.png,1372
cifar10/test/automobile/0652.png,6639
cifar10/test/automobile/0108.png,1174
cifar10/test/automobile/0685.png,6972
cifar10/test/automobile/0849.png,8482
cifar10/test/automobile/0861.png,8536
cifar10/test/automobile/0875.png,8626
cifar10/test/automobile/0732.png,7387
cifar10/test/automobile/0054.png,659
cifar10/test/automobile/0040.png,493
cifar10/test/automobile/0726.png,7316
cifar10/test/automobile/0068.png,830
cifar10/test/automobile/0929.png,9298
cifar10/test/automobile/0097.png,1048
cifar10/test/automobile/0083.png,962
cifar10/test/automobile/0915.png,9145
cifar10/test/automobile/0256.png,2647
cifar10/test/automobile/0530.png,5243
cifar10/test/automobile/0524.png,5214
cifar10/test/automobile/0518.png,5127
cifar10/test/automobile/0295.png,3039
cifar10/test/automobile/0281.png,2928
cifar10/test/bird/0298.png,2811
cifar10/test/bird/0267.png,2557
cifar10/test/bird/0515.png,5023
cifar10/test/bird/0273.png,2597
cifar10/test/bird/0918.png,9108
cifar10/test/bird/0924.png,9168
cifar10/test/bird/0930.png,9253
cifar10/test/bird/0703.png,7019
cifar10/test/bird/0065.png,691
cifar10/test/bird/0071.png,731
cifar10/test/bird/0717.png,7107
cifar10/test/bird/0059.png,603
cifar10/test/bird/0878.png,8747
cifar10/test/bird/0850.png,8472
cifar10/test/bird/0688.png,6857
cifar10/test/bird/0844.png,8422
cifar10/test/bird/0677.png,6719
cifar10/test/bird/0111.png,1126
cifar10/test/bird/0105.png,1051
cifar10/test/bird/0663.png,6604
cifar10/test/bird/0893.png,8924
cifar10/test/bird/0139.png,1399
cifar10/test/bird/0887.png,8845
cifar10/test/bird/0313.png,2955
cifar10/test/bird/0475.png,4534
cifar10/test/bird/0461.png,4388
cifar10/test/bird/0307.png,2903
cifar10/test/bird/0449.png,4234
cifar10/test/bird/0448.png,4231
cifar10/test/bird/0460.png,4369
cifar10/test/bird/0306.png,2901
cifar10/test/bird/0312.png,2939
cifar10/test/bird/0474.png,4522
cifar10/test/bird/0138.png,1392
cifar10/test/bird/0886.png,8841
cifar10/test/bird/0892.png,8900
cifar10/test/bird/0104.png,1046
cifar10/test/bird/0662.png,6599
cifar10/test/bird/0676.png,6715
cifar10/test/bird/0110.png,1110
cifar10/test/bird/0845.png,8427
cifar10/test/bird/0689.png,6880
cifar10/test/bird/0851.png,8473
cifar10/test/bird/0879.png,8756
cifar10/test/bird/0070.png,725
cifar10/test/bird/0716.png,7104
cifar10/test/bird/0702.png,7000
cifar10/test/bird/0064.png,674
cifar10/test/bird/0931.png,9267
cifar10/test/bird/0925.png,9171
cifar10/test/bird/0919.png,9123
cifar10/test/bird/0528.png,5171
cifar10/test/bird/0514.png,5022
cifar10/test/bird/0272.png,2592
cifar10/test/bird/0266.png,2551
cifar10/test/bird/0500.png,4811
cifar10/test/bird/0299.png,2825
cifar10/test/bird/0270.png,2566
cifar10/test/bird/0516.png,5032
cifar10/test/bird/0502.png,4842
cifar10/test/bird/0264.png,2542
cifar10/test/bird/0258.png,2512
cifar10/test/bird/0933.png,9322
cifar10/test/bird/0072.png,740
cifar10/test/bird/0066.png,692
cifar10/test/bird/0700.png,6969
cifar10/test/bird/0728.png,7235
cifar10/test/bird/0847.png,8454
cifar10/test/bird/0853.png,8493
cifar10/test/bird/0660.png,6593
cifar10/test/bird/0106.png,1083
cifar10/test/bird/0112.png,1132
cifar10/test/bird/0674.png,6708
cifar10/test/bird/0884.png,8827
cifar10/test/bird/0648.png,6488
cifar10/test/bird/0890.png,8860
cifar10/test/bird/0489.png,4690
cifar10/test/bird/0304.png,2856
cifar10/test/bird/0462.png,4414
cifar10/test/bird/0310.png,2920
cifar10/test/bird/0338.png,3262
cifar10/test/bird/0339.png,3281
cifar10/test/bird/0477.png,4541
cifar10/test/bird/0311.png,2938
cifar10/test/bird/0305.png,2883
cifar10/test/bird/0463.png,4421
cifar10/test/bird/0488.png,4653
cifar10/test/bird/0891.png,8897
cifar10/test/bird/0649.png,6501
cifar10/test/bird/0885.png,8840
cifar10/test/bird/0113.png,1146
cifar10/test/bird/0675.png,6713
cifar10/test/bird/0107.png,1095
cifar10/test/bird/0846.png,8443
cifar10/test/bird/0729.png,7254
cifar10/test/bird/0067.png,697
cifar10/test/bird/0701.png,6981
cifar10/test/bird/0715.png,7093
cifar10/test/bird/0073.png,748
cifar10/test/bird/0098.png,972
cifar10/test/bird/0926.png,9192
cifar10/test/bird/0932.png,9297
cifar10/test/bird/0259.png,2513
cifar10/test/bird/0503.png,4858
cifar10/test/bird/0265.png,2544
cifar10/test/bird/0271.png,2576
cifar10/test/bird/0517.png,5042
cifar10/test/bird/0249.png,2423
cifar10/test/bird/0513.png,5015
cifar10/test/bird/0275.png,2625
cifar10/test/bird/0261.png,2516
cifar10/test/bird/0507.png,4899
cifar10/test/bird/0088.png,843
cifar10/test/bird/0936.png,9344
cifar10/test/bird/0922.png,9153
cifar10/test/bird/0739.png,7351
cifar10/test/bird/0077.png,758
cifar10/test/bird/0711.png,7068
cifar10/test/bird/0705.png,7023
cifar10/test/bird/0063.png,655
cifar10/test/bird/0842.png,8412
cifar10/test/bird/0659.png,6589
cifar10/test/bird/0881.png,8768
cifar10/test/bird/0895.png,8956
cifar10/test/bird/0665.png,6636
cifar10/test/bird/0671.png,6699
cifar10/test/bird/0117.png,1172
cifar10/test/bird/0498.png,4782
cifar10/test/bird/0329.png,3146
cifar10/test/bird/0467.png,4438
cifar10/test/bird/0301.png,2839
cifar10/test/bird/0472.png,4483
cifar10/test/bird/0466.png,4434
cifar10/test/bird/0300.png,2828
cifar10/test/bird/0328.png,3139
cifar10/test/bird/0670.png,6697
cifar10/test/bird/0116.png,1151
cifar10/test/bird/0664.png,6626
cifar10/test/bird/0880.png,8765
cifar10/test/bird/0658.png,6568
cifar10/test/bird/0857.png,8562
cifar10/test/bird/0843.png,8421
cifar10/test/bird/0704.png,7022
cifar10/test/bird/0062.png,630
cifar10/test/bird/0076.png,755
cifar10/test/bird/0710.png,7065
cifar10/test/bird/0923.png,9154
cifar10/test/bird/0089.png,846
cifar10/test/bird/0937.png,9358
cifar10/test/bird/0260.png,2515
cifar10/test/bird/0506.png,4885
cifar10/test/bird/0512.png,4995
cifar10/test/bird/0274.png,2610
cifar10/test/bird/0248.png,2408
cifar10/test/bird/0289.png,2739
cifar10/test/bird/0538.png,5275
cifar10/test/bird/0504.png,4873
cifar10/test/bird/0262.png,2531
cifar10/test/bird/0276.png,2629
cifar10/test/bird/0510.png,4955
cifar10/test/bird/0921.png,9137
cifar10/test/bird/0935.png,9341
cifar10/test/bird/0048.png,449
cifar10/test/bird/0060.png,618
cifar10/test/bird/0706.png,7048
cifar10/test/bird/0712.png,7082
cifar10/test/bird/0074.png,751
cifar10/test/bird/0855.png,8542
cifar10/test/bird/0841.png,8404
cifar10/test/bird/0699.png,6939
cifar10/test/bird/0869.png,8707
cifar10/test/bird/0128.png,1307
cifar10/test/bird/0896.png,8967
cifar10/test/bird/0882.png,8810
cifar10/test/bird/0114.png,1148
cifar10/test/bird/0672.png,6703
cifar10/test/bird/0666.png,6652
cifar10/test/bird/0100.png,988
cifar10/test/bird/0458.png,4359
cifar10/test/bird/0470.png,4452
cifar10/test/bird/0316.png,2984
cifar10/test/bird/0302.png,2841
cifar10/test/bird/0464.png,4427
cifar10/test/bird/0303.png,2852
cifar10/test/bird/0465.png,4429
cifar10/test/bird/0471.png,4462
cifar10/test/bird/0317.png,2985
cifar10/test/bird/0459.png,4366
cifar10/test/bird/0667.png,6666
cifar10/test/bird/0101.png,1038
cifar10/test/bird/0115.png,1150
cifar10/test/bird/0673.png,6707
cifar10/test/bird/0883.png,8820
cifar10/test/bird/0129.png,1321
cifar10/test/bird/0897.png,8974
cifar10/test/bird/0868.png,8684
cifar10/test/bird/0698.png,6930
cifar10/test/bird/0840.png,8384
cifar10/test/bird/0854.png,8511
cifar10/test/bird/0713.png,7090
cifar10/test/bird/0075.png,754
cifar10/test/bird/0061.png,623
cifar10/test/bird/0707.png,7049
cifar10/test/bird/0049.png,450
cifar10/test/bird/0908.png,9039
cifar10/test/bird/0934.png,9327
cifar10/test/bird/0920.png,9132
cifar10/test/bird/0277.png,2630
cifar10/test/bird/0511.png,4970
cifar10/test/bird/0505.png,4883
cifar10/test/bird/0263.png,2540
cifar10/test/bird/0539.png,5324
cifar10/test/bird/0288.png,2735
cifar10/test/bird/0589.png,5840
cifar10/test/bird/0562.png,5599
cifar10/test/bird/0204.png,2078
cifar10/test/bird/0210.png,2100
cifar10/test/bird/0576.png,5738
cifar10/test/bird/0238.png,2321
cifar10/test/bird/0947.png,9462
cifar10/test/bird/0953.png,9521
cifar10/test/bird/0006.png,75
cifar10/test/bird/0774.png,7664
cifar10/test/bird/0012.png,129
cifar10/test/bird/0990.png,9891
cifar10/test/bird/0748.png,7458
cifar10/test/bird/0827.png,8205
cifar10/test/bird/0199.png,2065
cifar10/test/bird/0172.png,1763
cifar10/test/bird/0614.png,6137
cifar10/test/bird/0600.png,6040
cifar10/test/bird/0166.png,1709
cifar10/test/bird/0628.png,6263
cifar10/test/bird/0416.png,3908
cifar10/test/bird/0370.png,3533
cifar10/test/bird/0364.png,3480
cifar10/test/bird/0402.png,3781
cifar10/test/bird/0358.png,3453
cifar10/test/bird/0365.png,3495
cifar10/test/bird/0403.png,3783
cifar10/test/bird/0417.png,3922
cifar10/test/bird/0371.png,3534
cifar10/test/bird/0629.png,6270
cifar10/test/bird/0601.png,6046
cifar10/test/bird/0173.png,1767
cifar10/test/bird/0615.png,6145
cifar10/test/bird/0826.png,8166
cifar10/test/bird/0198.png,2038
cifar10/test/bird/0832.png,8264
cifar10/test/bird/0749.png,7463
cifar10/test/bird/0991.png,9893
cifar10/test/bird/0985.png,9836
cifar10/test/bird/0775.png,7666
cifar10/test/bird/0013.png,135
cifar10/test/bird/0007.png,84
cifar10/test/bird/0761.png,7586
cifar10/test/bird/0952.png,9503
cifar10/test/bird/0239.png,2331
cifar10/test/bird/0211.png,2114
cifar10/test/bird/0577.png,5739
cifar10/test/bird/0563.png,5640
cifar10/test/bird/0205.png,2082
cifar10/test/bird/0588.png,5839
cifar10/test/bird/0575.png,5719
cifar10/test/bird/0213.png,2127
cifar10/test/bird/0207.png,2090
cifar10/test/bird/0561.png,5589
cifar10/test/bird/0549.png,5419
cifar10/test/bird/0978.png,9782
cifar10/test/bird/0788.png,7812
cifar10/test/bird/0950.png,9480
cifar10/test/bird/0944.png,9426
cifar10/test/bird/0011.png,123
cifar10/test/bird/0763.png,7590
cifar10/test/bird/0005.png,70
cifar10/test/bird/0987.png,9870
cifar10/test/bird/0039.png,388
cifar10/test/bird/0824.png,8109
cifar10/test/bird/0830.png,8252
cifar10/test/bird/0165.png,1690
cifar10/test/bird/0603.png,6066
cifar10/test/bird/0617.png,6170
cifar10/test/bird/0171.png,1758
cifar10/test/bird/0159.png,1610
cifar10/test/bird/0398.png,3741
cifar10/test/bird/0367.png,3514
cifar10/test/bird/0373.png,3541
cifar10/test/bird/0415.png,3907
cifar10/test/bird/0429.png,4009
cifar10/test/bird/0414.png,3905
cifar10/test/bird/0400.png,3771
cifar10/test/bird/0366.png,3506
cifar10/test/bird/0399.png,3758
cifar10/test/bird/0158.png,1587
cifar10/test/bird/0616.png,6160
cifar10/test/bird/0170.png,1756
cifar10/test/bird/0164.png,1678
cifar10/test/bird/0602.png,6050
cifar10/test/bird/0825.png,8129
cifar10/test/bird/0819.png,8055
cifar10/test/bird/0986.png,9848
cifar10/test/bird/0038.png,387
cifar10/test/bird/0992.png,9915
cifar10/test/bird/0762.png,7588
cifar10/test/bird/0004.png,67
cifar10/test/bird/0010.png,118
cifar10/test/bird/0945.png,9435
cifar10/test/bird/0951.png,9481
cifar10/test/bird/0789.png,7821
cifar10/test/bird/0979.png,9783
cifar10/test/bird/0548.png,5411
cifar10/test/bird/0560.png,5577
cifar10/test/bird/0574.png,5714
cifar10/test/bird/0212.png,2123
cifar10/test/bird/0558.png,5537
cifar10/test/bird/0216.png,2146
cifar10/test/bird/0570.png,5705
cifar10/test/bird/0564.png,5657
cifar10/test/bird/0202.png,2073
cifar10/test/bird/0955.png,9543
cifar10/test/bird/0799.png,7897
cifar10/test/bird/0941.png,9419
cifar10/test/bird/0969.png,9704
cifar10/test/bird/0996.png,9964
cifar10/test/bird/0028.png,303
cifar10/test/bird/0982.png,9825
cifar10/test/bird/0772.png,7659
cifar10/test/bird/0014.png,138
cifar10/test/bird/0835.png,8318
cifar10/test/bird/0809.png,7947
cifar10/test/bird/0606.png,6083
cifar10/test/bird/0160.png,1623
cifar10/test/bird/0174.png,1768
cifar10/test/bird/0612.png,6113
cifar10/test/bird/0389.png,3694
cifar10/test/bird/0438.png,4133
cifar10/test/bird/0362.png,3473
cifar10/test/bird/0404.png,3791
cifar10/test/bird/0410.png,3852
cifar10/test/bird/0376.png,3595
cifar10/test/bird/0411.png,3863
cifar10/test/bird/0377.png,3596
cifar10/test/bird/0363.png,3474
cifar10/test/bird/0405.png,3801
cifar10/test/bird/0439.png,4136
cifar10/test/bird/0388.png,3685
cifar10/test/bird/0613.png,6121
cifar10/test/bird/0607.png,6085
cifar10/test/bird/0161.png,1644
cifar10/test/bird/0149.png,1505
cifar10/test/bird/0808.png,7944
cifar10/test/bird/0834.png,8308
cifar10/test/bird/0820.png,8062
cifar10/test/bird/0001.png,25
cifar10/test/bird/0767.png,7624
cifar10/test/bird/0773.png,7663
cifar10/test/bird/0015.png,147
cifar10/test/bird/0997.png,9965
cifar10/test/bird/0029.png,307
cifar10/test/bird/0968.png,9688
cifar10/test/bird/0940.png,9397
cifar10/test/bird/0798.png,7875
cifar10/test/bird/0954.png,9525
cifar10/test/bird/0565.png,5659
cifar10/test/bird/0203.png,2074
cifar10/test/bird/0217.png,2165
cifar10/test/bird/0559.png,5547
cifar10/test/bird/0598.png,6024
cifar10/test/bird/0229.png,2242
cifar10/test/bird/0201.png,2070
cifar10/test/bird/0567.png,5680
cifar10/test/bird/0573.png,5712
cifar10/test/bird/0215.png,2137
cifar10/test/bird/0942.png,9423
cifar10/test/bird/0956.png,9548
cifar10/test/bird/0981.png,9805
cifar10/test/bird/0759.png,7561
cifar10/test/bird/0995.png,9960
cifar10/test/bird/0765.png,7605
cifar10/test/bird/0017.png,156
cifar10/test/bird/0771.png,7657
cifar10/test/bird/0836.png,8359
cifar10/test/bird/0188.png,1921
cifar10/test/bird/0822.png,8087
cifar10/test/bird/0611.png,6109
cifar10/test/bird/0177.png,1803
cifar10/test/bird/0163.png,1673
cifar10/test/bird/0605.png,6078
cifar10/test/bird/0349.png,3371
cifar10/test/bird/0375.png,3593
cifar10/test/bird/0413.png,3887
cifar10/test/bird/0407.png,3816
cifar10/test/bird/0361.png,3468
cifar10/test/bird/0406.png,3815
cifar10/test/bird/0360.png,3462
cifar10/test/bird/0374.png,3573
cifar10/test/bird/0412.png,3875
cifar10/test/bird/0348.png,3363
cifar10/test/bird/0162.png,1656
cifar10/test/bird/0604.png,6073
cifar10/test/bird/0610.png,6106
cifar10/test/bird/0176.png,1802
cifar10/test/bird/0638.png,6359
cifar10/test/bird/0823.png,8095
cifar10/test/bird/0837.png,8363
cifar10/test/bird/0189.png,1929
cifar10/test/bird/0016.png,149
cifar10/test/bird/0770.png,7650
cifar10/test/bird/0764.png,7602
cifar10/test/bird/0002.png,35
cifar10/test/bird/0994.png,9959
cifar10/test/bird/0758.png,7558
cifar10/test/bird/0980.png,9793
cifar10/test/bird/0957.png,9573
cifar10/test/bird/0943.png,9424
cifar10/test/bird/0572.png,5709
cifar10/test/bird/0214.png,2132
cifar10/test/bird/0200.png,2066
cifar10/test/bird/0566.png,5665
cifar10/test/bird/0228.png,2235
cifar10/test/bird/0599.png,6033
cifar10/test/bird/0580.png,5760
cifar10/test/bird/0594.png,5944
cifar10/test/bird/0543.png,5373
cifar10/test/bird/0225.png,2216
cifar10/test/bird/0231.png,2270
cifar10/test/bird/0557.png,5533
cifar10/test/bird/0219.png,2171
cifar10/test/bird/0796.png,7855
cifar10/test/bird/0966.png,9681
cifar10/test/bird/0972.png,9746
cifar10/test/bird/0027.png,291
cifar10/test/bird/0999.png,9982
cifar10/test/bird/0741.png,7366
cifar10/test/bird/0755.png,7521
cifar10/test/bird/0033.png,353
cifar10/test/bird/0769.png,7649
cifar10/test/bird/0190.png,1942
cifar10/test/bird/0184.png,1876
cifar10/test/bird/0806.png,7939
cifar10/test/bird/0153.png,1539
cifar10/test/bird/0635.png,6341
cifar10/test/bird/0621.png,6220
cifar10/test/bird/0147.png,1501
cifar10/test/bird/0609.png,6096
cifar10/test/bird/0392.png,3720
cifar10/test/bird/0386.png,3673
cifar10/test/bird/0437.png,4116
cifar10/test/bird/0351.png,3386
cifar10/test/bird/0345.png,3328
cifar10/test/bird/0423.png,3989
cifar10/test/bird/0344.png,3322
cifar10/test/bird/0422.png,3978
cifar10/test/bird/0436.png,4110
cifar10/test/bird/0350.png,3382
cifar10/test/bird/0387.png,3681
cifar10/test/bird/0393.png,3721
cifar10/test/bird/0608.png,6093
cifar10/test/bird/0620.png,6215
cifar10/test/bird/0146.png,1496
cifar10/test/bird/0152.png,1528
cifar10/test/bird/0807.png,7940
cifar10/test/bird/0185.png,1888
cifar10/test/bird/0768.png,7646
cifar10/test/bird/0754.png,7519
cifar10/test/bird/0032.png,342
cifar10/test/bird/0026.png,270
cifar10/test/bird/0740.png,7360
cifar10/test/bird/0998.png,9970
cifar10/test/bird/0967.png,9686
cifar10/test/bird/0797.png,7858
cifar10/test/bird/0783.png,7760
cifar10/test/bird/0218.png,2170
cifar10/test/bird/0230.png,2262
cifar10/test/bird/0556.png,5522
cifar10/test/bird/0542.png,5362
cifar10/test/bird/0595.png,5960
cifar10/test/bird/0597.png,6002
cifar10/test/bird/0583.png,5789
cifar10/test/bird/0554.png,5492
cifar10/test/bird/0232.png,2287
cifar10/test/bird/0226.png,2221
cifar10/test/bird/0540.png,5331
cifar10/test/bird/0568.png,5687
cifar10/test/bird/0781.png,7738
cifar10/test/bird/0959.png,9603
cifar10/test/bird/0971.png,9731
cifar10/test/bird/0965.png,9679
cifar10/test/bird/0030.png,322
cifar10/test/bird/0756.png,7530
cifar10/test/bird/0742.png,7375
cifar10/test/bird/0024.png,249
cifar10/test/bird/0018.png,160
cifar10/test/bird/0187.png,1920
cifar10/test/bird/0839.png,8383
cifar10/test/bird/0805.png,7938
cifar10/test/bird/0811.png,7975
cifar10/test/bird/0144.png,1481
cifar10/test/bird/0622.png,6230
cifar10/test/bird/0636.png,6352
cifar10/test/bird/0150.png,1507
cifar10/test/bird/0178.png,1825
cifar10/test/bird/0385.png,3668
cifar10/test/bird/0391.png,3713
cifar10/test/bird/0346.png,3333
cifar10/test/bird/0352.png,3398
cifar10/test/bird/0434.png,4101
cifar10/test/bird/0408.png,3824
cifar10/test/bird/0353.png,3401
cifar10/test/bird/0435.png,4108
cifar10/test/bird/0421.png,3969
cifar10/test/bird/0347.png,3352
cifar10/test/bird/0390.png,3710
cifar10/test/bird/0384.png,3658
cifar10/test/bird/0179.png,1846
cifar10/test/bird/0637.png,6353
cifar10/test/bird/0151.png,1515
cifar10/test/bird/0145.png,1495
cifar10/test/bird/0623.png,6232
cifar10/test/bird/0810.png,7951
cifar10/test/bird/0804.png,7930
cifar10/test/bird/0192.png,1955
cifar10/test/bird/0186.png,1918
cifar10/test/bird/0838.png,8371
cifar10/test/bird/0019.png,182
cifar10/test/bird/0743.png,7395
cifar10/test/bird/0025.png,266
cifar10/test/bird/0757.png,7556
cifar10/test/bird/0964.png,9639
cifar10/test/bird/0970.png,9728
cifar10/test/bird/0958.png,9579
cifar10/test/bird/0780.png,7721
cifar10/test/bird/0794.png,7845
cifar10/test/bird/0569.png,5691
cifar10/test/bird/0227.png,2226
cifar10/test/bird/0541.png,5344
cifar10/test/bird/0555.png,5514
cifar10/test/bird/0233.png,2301
cifar10/test/bird/0582.png,5785
cifar10/test/bird/0596.png,5999
cifar10/test/bird/0592.png,5886
cifar10/test/bird/0579.png,5753
cifar10/test/bird/0237.png,2318
cifar10/test/bird/0551.png,5453
cifar10/test/bird/0545.png,5401
cifar10/test/bird/0223.png,2210
cifar10/test/bird/0974.png,9764
cifar10/test/bird/0960.png,9624
cifar10/test/bird/0790.png,7822
cifar10/test/bird/0784.png,7761
cifar10/test/bird/0009.png,113
cifar10/test/bird/0753.png,7517
cifar10/test/bird/0035.png,357
cifar10/test/bird/0021.png,195
cifar10/test/bird/0747.png,7457
cifar10/test/bird/0800.png,7902
cifar10/test/bird/0814.png,8010
cifar10/test/bird/0182.png,1868
cifar10/test/bird/0196.png,2011
cifar10/test/bird/0828.png,8209
cifar10/test/bird/0169.png,1749
cifar10/test/bird/0627.png,6260
cifar10/test/bird/0141.png,1451
cifar10/test/bird/0155.png,1567
cifar10/test/bird/0633.png,6323
cifar10/test/bird/0380.png,3624
cifar10/test/bird/0394.png,3725
cifar10/test/bird/0419.png,3947
cifar10/test/bird/0343.png,3320
cifar10/test/bird/0425.png,3997
cifar10/test/bird/0431.png,4035
cifar10/test/bird/0430.png,4034
cifar10/test/bird/0356.png,3428
cifar10/test/bird/0342.png,3319
cifar10/test/bird/0424.png,3991
cifar10/test/bird/0395.png,3728
cifar10/test/bird/0381.png,3637
cifar10/test/bird/0154.png,1547
cifar10/test/bird/0632.png,6312
cifar10/test/bird/0626.png,6252
cifar10/test/bird/0197.png,2033
cifar10/test/bird/0829.png,8232
cifar10/test/bird/0815.png,8014
cifar10/test/bird/0801.png,7906
cifar10/test/bird/0020.png,183
cifar10/test/bird/0746.png,7430
cifar10/test/bird/0752.png,7508
cifar10/test/bird/0034.png,354
cifar10/test/bird/0008.png,86
cifar10/test/bird/0785.png,7771
cifar10/test/bird/0949.png,9475
cifar10/test/bird/0791.png,7829
cifar10/test/bird/0961.png,9625
cifar10/test/bird/0975.png,9767
cifar10/test/bird/0544.png,5385
cifar10/test/bird/0222.png,2199
cifar10/test/bird/0236.png,2315
cifar10/test/bird/0550.png,5442
cifar10/test/bird/0578.png,5744
cifar10/test/bird/0587.png,5837
cifar10/test/bird/0585.png,5800
cifar10/test/bird/0591.png,5862
cifar10/test/bird/0208.png,2096
cifar10/test/bird/0220.png,2189
cifar10/test/bird/0546.png,5404
cifar10/test/bird/0552.png,5477
cifar10/test/bird/0234.png,2303
cifar10/test/bird/0977.png,9779
cifar10/test/bird/0787.png,7802
cifar10/test/bird/0793.png,7831
cifar10/test/bird/0778.png,7708
cifar10/test/bird/0744.png,7425
cifar10/test/bird/0022.png,219
cifar10/test/bird/0036.png,374
cifar10/test/bird/0988.png,9873
cifar10/test/bird/0750.png,7488
cifar10/test/bird/0817.png,8030
cifar10/test/bird/0803.png,7928
cifar10/test/bird/0195.png,1995
cifar10/test/bird/0181.png,1859
cifar10/test/bird/0618.png,6177
cifar10/test/bird/0630.png,6272
cifar10/test/bird/0156.png,1575
cifar10/test/bird/0142.png,1456
cifar10/test/bird/0624.png,6240
cifar10/test/bird/0397.png,3737
cifar10/test/bird/0383.png,3656
cifar10/test/bird/0368.png,3522
cifar10/test/bird/0354.png,3408
cifar10/test/bird/0432.png,4074
cifar10/test/bird/0426.png,3998
cifar10/test/bird/0340.png,3304
cifar10/test/bird/0427.png,4001
cifar10/test/bird/0341.png,3313
cifar10/test/bird/0355.png,3422
cifar10/test/bird/0433.png,4075
cifar10/test/bird/0369.png,3525
cifar10/test/bird/0382.png,3652
cifar10/test/bird/0143.png,1479
cifar10/test/bird/0625.png,6248
cifar10/test/bird/0631.png,6277
cifar10/test/bird/0157.png,1581
cifar10/test/bird/0194.png,1963
cifar10/test/bird/0802.png,7911
cifar10/test/bird/0037.png,384
cifar10/test/bird/0751.png,7494
cifar10/test/bird/0989.png,9874
cifar10/test/bird/0745.png,7427
cifar10/test/bird/0023.png,248
cifar10/test/bird/0779.png,7719
cifar10/test/bird/0792.png,7830
cifar10/test/bird/0786.png,7775
cifar10/test/bird/0976.png,9776
cifar10/test/bird/0962.png,9632
cifar10/test/bird/0553.png,5479
cifar10/test/bird/0221.png,2193
cifar10/test/bird/0547.png,5405
cifar10/test/bird/0209.png,2097
cifar10/test/bird/0590.png,5859
cifar10/test/bird/0584.png,5792
cifar10/test/bird/0285.png,2696
cifar10/test/bird/0246.png,2383
cifar10/test/bird/0520.png,5099
cifar10/test/bird/0252.png,2448
cifar10/test/bird/0508.png,4903
cifar10/test/bird/0939.png,9381
cifar10/test/bird/0087.png,839
cifar10/test/bird/0093.png,900
cifar10/test/bird/0905.png,9033
cifar10/test/bird/0911.png,9059
cifar10/test/bird/0722.png,7186
cifar10/test/bird/0044.png,424
cifar10/test/bird/0050.png,497
cifar10/test/bird/0736.png,7321
cifar10/test/bird/0695.png,6922
cifar10/test/bird/0859.png,8578
cifar10/test/bird/0681.png,6763
cifar10/test/bird/0871.png,8715
cifar10/test/bird/0865.png,8654
cifar10/test/bird/0656.png,6546
cifar10/test/bird/0130.png,1325
cifar10/test/bird/0124.png,1257
cifar10/test/bird/0642.png,6425
cifar10/test/bird/0118.png,1196
cifar10/test/bird/0497.png,4775
cifar10/test/bird/0483.png,4622
cifar10/test/bird/0332.png,3167
cifar10/test/bird/0454.png,4299
cifar10/test/bird/0440.png,4146
cifar10/test/bird/0326.png,3094
cifar10/test/bird/0468.png,4440
cifar10/test/bird/0469.png,4451
cifar10/test/bird/0327.png,3114
cifar10/test/bird/0333.png,3174
cifar10/test/bird/0455.png,4302
cifar10/test/bird/0482.png,4601
cifar10/test/bird/0496.png,4753
cifar10/test/bird/0119.png,1202
cifar10/test/bird/0125.png,1277
cifar10/test/bird/0643.png,6427
cifar10/test/bird/0657.png,6559
cifar10/test/bird/0131.png,1330
cifar10/test/bird/0864.png,8650
cifar10/test/bird/0870.png,8713
cifar10/test/bird/0680.png,6746
cifar10/test/bird/0858.png,8576
cifar10/test/bird/0694.png,6905
cifar10/test/bird/0079.png,775
cifar10/test/bird/0051.png,498
cifar10/test/bird/0737.png,7340
cifar10/test/bird/0723.png,7190
cifar10/test/bird/0045.png,430
cifar10/test/bird/0910.png,9044
cifar10/test/bird/0904.png,9030
cifar10/test/bird/0092.png,877
cifar10/test/bird/0086.png,837
cifar10/test/bird/0509.png,4950
cifar10/test/bird/0535.png,5261
cifar10/test/bird/0253.png,2452
cifar10/test/bird/0247.png,2391
cifar10/test/bird/0521.png,5118
cifar10/test/bird/0284.png,2695
cifar10/test/bird/0292.png,2751
cifar10/test/bird/0251.png,2443
cifar10/test/bird/0537.png,5274
cifar10/test/bird/0245.png,2363
cifar10/test/bird/0279.png,2673
cifar10/test/bird/0090.png,848
cifar10/test/bird/0912.png,9070
cifar10/test/bird/0906.png,9034
cifar10/test/bird/0735.png,7319
cifar10/test/bird/0047.png,448
cifar10/test/bird/0721.png,7177
cifar10/test/bird/0682.png,6768
cifar10/test/bird/0696.png,6925
cifar10/test/bird/0866.png,8661
cifar10/test/bird/0872.png,8716
cifar10/test/bird/0641.png,6407
cifar10/test/bird/0899.png,8987
cifar10/test/bird/0127.png,1297
cifar10/test/bird/0133.png,1352
cifar10/test/bird/0655.png,6533
cifar10/test/bird/0669.png,6679
cifar10/test/bird/0480.png,4565
cifar10/test/bird/0494.png,4732
cifar10/test/bird/0325.png,3085
cifar10/test/bird/0443.png,4174
cifar10/test/bird/0457.png,4331
cifar10/test/bird/0331.png,3159
cifar10/test/bird/0319.png,3003
cifar10/test/bird/0318.png,2997
cifar10/test/bird/0456.png,4319
cifar10/test/bird/0330.png,3147
cifar10/test/bird/0442.png,4163
cifar10/test/bird/0495.png,4749
cifar10/test/bird/0481.png,4572
cifar10/test/bird/0668.png,6675
cifar10/test/bird/0132.png,1348
cifar10/test/bird/0654.png,6529
cifar10/test/bird/0898.png,8982
cifar10/test/bird/0640.png,6387
cifar10/test/bird/0126.png,1278
cifar10/test/bird/0873.png,8719
cifar10/test/bird/0867.png,8681
cifar10/test/bird/0697.png,6928
cifar10/test/bird/0683.png,6773
cifar10/test/bird/0046.png,436
cifar10/test/bird/0720.png,7171
cifar10/test/bird/0052.png,537
cifar10/test/bird/0913.png,9077
cifar10/test/bird/0085.png,833
cifar10/test/bird/0091.png,873
cifar10/test/bird/0278.png,2659
cifar10/test/bird/0522.png,5129
cifar10/test/bird/0250.png,2426
cifar10/test/bird/0536.png,5265
cifar10/test/bird/0293.png,2760
cifar10/test/bird/0297.png,2808
cifar10/test/bird/0283.png,2691
cifar10/test/bird/0268.png,2563
cifar10/test/bird/0532.png,5238
cifar10/test/bird/0254.png,2464
cifar10/test/bird/0240.png,2332
cifar10/test/bird/0526.png,5167
cifar10/test/bird/0917.png,9094
cifar10/test/bird/0903.png,9011
cifar10/test/bird/0081.png,799
cifar10/test/bird/0056.png,564
cifar10/test/bird/0724.png,7206
cifar10/test/bird/0042.png,396
cifar10/test/bird/0877.png,8740
cifar10/test/bird/0687.png,6845
cifar10/test/bird/0693.png,6901
cifar10/test/bird/0678.png,6720
cifar10/test/bird/0122.png,1251
cifar10/test/bird/0644.png,6456
cifar10/test/bird/0650.png,6512
cifar10/test/bird/0888.png,8853
cifar10/test/bird/0491.png,4706
cifar10/test/bird/0308.png,2912
cifar10/test/bird/0320.png,3025
cifar10/test/bird/0334.png,3185
cifar10/test/bird/0452.png,4286
cifar10/test/bird/0335.png,3193
cifar10/test/bird/0453.png,4290
cifar10/test/bird/0447.png,4221
cifar10/test/bird/0321.png,3032
cifar10/test/bird/0309.png,2918
cifar10/test/bird/0490.png,4691
cifar10/test/bird/0484.png,4630
cifar10/test/bird/0889.png,8859
cifar10/test/bird/0651.png,6515
cifar10/test/bird/0137.png,1382
cifar10/test/bird/0123.png,1254
cifar10/test/bird/0645.png,6457
cifar10/test/bird/0692.png,6899
cifar10/test/bird/0686.png,6819
cifar10/test/bird/0876.png,8734
cifar10/test/bird/0862.png,8646
cifar10/test/bird/0725.png,7216
cifar10/test/bird/0057.png,569
cifar10/test/bird/0731.png,7266
cifar10/test/bird/0719.png,7112
cifar10/test/bird/0080.png,776
cifar10/test/bird/0094.png,931
cifar10/test/bird/0902.png,9009
cifar10/test/bird/0916.png,9090
cifar10/test/bird/0241.png,2339
cifar10/test/bird/0527.png,5169
cifar10/test/bird/0533.png,5244
cifar10/test/bird/0255.png,2466
cifar10/test/bird/0269.png,2564
cifar10/test/bird/0282.png,2690
cifar10/test/bird/0296.png,2806
cifar10/test/bird/0280.png,2675
cifar10/test/bird/0294.png,2769
cifar10/test/bird/0519.png,5085
cifar10/test/bird/0525.png,5165
cifar10/test/bird/0243.png,2359
cifar10/test/bird/0257.png,2509
cifar10/test/bird/0531.png,5219
cifar10/test/bird/0900.png,8988
cifar10/test/bird/0914.png,9082
cifar10/test/bird/0082.png,813
cifar10/test/bird/0928.png,9230
cifar10/test/bird/0096.png,935
cifar10/test/bird/0069.png,706
cifar10/test/bird/0041.png,393
cifar10/test/bird/0727.png,7230
cifar10/test/bird/0733.png,7304
cifar10/test/bird/0055.png,563
cifar10/test/bird/0874.png,8720
cifar10/test/bird/0860.png,8610
cifar10/test/bird/0848.png,8457
cifar10/test/bird/0684.png,6777
cifar10/test/bird/0109.png,1108
cifar10/test/bird/0135.png,1367
cifar10/test/bird/0653.png,6519
cifar10/test/bird/0647.png,6475
cifar10/test/bird/0121.png,1248
cifar10/test/bird/0492.png,4729
cifar10/test/bird/0486.png,4642
cifar10/test/bird/0479.png,4556
cifar10/test/bird/0451.png,4264
cifar10/test/bird/0337.png,3250
cifar10/test/bird/0323.png,3068
cifar10/test/bird/0445.png,4204
cifar10/test/bird/0322.png,3034
cifar10/test/bird/0444.png,4203
cifar10/test/bird/0450.png,4244
cifar10/test/bird/0336.png,3227
cifar10/test/bird/0478.png,4546
cifar10/test/bird/0487.png,4646
cifar10/test/bird/0646.png,6458
cifar10/test/bird/0120.png,1240
cifar10/test/bird/0134.png,1356
cifar10/test/bird/0652.png,6516
cifar10/test/bird/0108.png,1099
cifar10/test/bird/0685.png,6778
cifar10/test/bird/0691.png,6895
cifar10/test/bird/0849.png,8462
cifar10/test/bird/0861.png,8631
cifar10/test/bird/0875.png,8730
cifar10/test/bird/0732.png,7286
cifar10/test/bird/0054.png,559
cifar10/test/bird/0040.png,391
cifar10/test/bird/0726.png,7229
cifar10/test/bird/0068.png,701
cifar10/test/bird/0929.png,9234
cifar10/test/bird/0097.png,936
cifar10/test/bird/0083.png,821
cifar10/test/bird/0915.png,9088
cifar10/test/bird/0901.png,9007
cifar10/test/bird/0256.png,2483
cifar10/test/bird/0530.png,5215
cifar10/test/bird/0524.png,5154
cifar10/test/bird/0242.png,2352
cifar10/test/bird/0518.png,5057
cifar10/test/bird/0295.png,2774
cifar10/test/bird/0281.png,2685
cifar10/test/cat/0298.png,3023
cifar10/test/cat/0267.png,2759
cifar10/test/cat/0501.png,5033
cifar10/test/cat/0515.png,5198
cifar10/test/cat/0273.png,2804
cifar10/test/cat/0529.png,5313
cifar10/test/cat/0918.png,9087
cifar10/test/cat/0924.png,9131
cifar10/test/cat/0930.png,9191
cifar10/test/cat/0703.png,7016
cifar10/test/cat/0065.png,671
cifar10/test/cat/0717.png,7210
cifar10/test/cat/0059.png,637
cifar10/test/cat/0878.png,8601
cifar10/test/cat/0850.png,8337
cifar10/test/cat/0688.png,6893
cifar10/test/cat/0844.png,8302
cifar10/test/cat/0677.png,6786
cifar10/test/cat/0111.png,1056
cifar10/test/cat/0105.png,1024
cifar10/test/cat/0663.png,6687
cifar10/test/cat/0893.png,8736
cifar10/test/cat/0139.png,1353
cifar10/test/cat/0887.png,8665
cifar10/test/cat/0313.png,3183
cifar10/test/cat/0475.png,4818
cifar10/test/cat/0461.png,4682
cifar10/test/cat/0307.png,3113
cifar10/test/cat/0449.png,4574
cifar10/test/cat/0448.png,4561
cifar10/test/cat/0460.png,4674
cifar10/test/cat/0306.png,3084
cifar10/test/cat/0312.png,3180
cifar10/test/cat/0474.png,4814
cifar10/test/cat/0138.png,1346
cifar10/test/cat/0886.png,8662
cifar10/test/cat/0892.png,8735
cifar10/test/cat/0104.png,1014
cifar10/test/cat/0662.png,6680
cifar10/test/cat/0676.png,6783
cifar10/test/cat/0110.png,1053
cifar10/test/cat/0879.png,8616
cifar10/test/cat/0058.png,608
cifar10/test/cat/0070.png,695
cifar10/test/cat/0716.png,7207
cifar10/test/cat/0702.png,7015
cifar10/test/cat/0064.png,669
cifar10/test/cat/0931.png,9198
cifar10/test/cat/0919.png,9089
cifar10/test/cat/0528.png,5309
cifar10/test/cat/0514.png,5191
cifar10/test/cat/0272.png,2798
cifar10/test/cat/0266.png,2752
cifar10/test/cat/0500.png,5029
cifar10/test/cat/0299.png,3035
cifar10/test/cat/0270.png,2787
cifar10/test/cat/0516.png,5200
cifar10/test/cat/0502.png,5040
cifar10/test/cat/0264.png,2733
cifar10/test/cat/0258.png,2660
cifar10/test/cat/0933.png,9218
cifar10/test/cat/0099.png,950
cifar10/test/cat/0927.png,9148
cifar10/test/cat/0072.png,716
cifar10/test/cat/0066.png,673
cifar10/test/cat/0728.png,7291
cifar10/test/cat/0847.png,8326
cifar10/test/cat/0660.png,6647
cifar10/test/cat/0106.png,1030
cifar10/test/cat/0112.png,1065
cifar10/test/cat/0674.png,6774
cifar10/test/cat/0884.png,8642
cifar10/test/cat/0648.png,6444
cifar10/test/cat/0890.png,8680
cifar10/test/cat/0489.png,4938
cifar10/test/cat/0304.png,3067
cifar10/test/cat/0462.png,4687
cifar10/test/cat/0310.png,3130
cifar10/test/cat/0338.png,3414
cifar10/test/cat/0339.png,3456
cifar10/test/cat/0477.png,4826
cifar10/test/cat/0311.png,3143
cifar10/test/cat/0305.png,3073
cifar10/test/cat/0463.png,4705
cifar10/test/cat/0488.png,4936
cifar10/test/cat/0891.png,8700
cifar10/test/cat/0885.png,8658
cifar10/test/cat/0113.png,1070
cifar10/test/cat/0675.png,6781
cifar10/test/cat/0661.png,6670
cifar10/test/cat/0107.png,1031
cifar10/test/cat/0852.png,8343
cifar10/test/cat/0846.png,8324
cifar10/test/cat/0729.png,7300
cifar10/test/cat/0067.png,676
cifar10/test/cat/0073.png,727
cifar10/test/cat/0098.png,948
cifar10/test/cat/0926.png,9142
cifar10/test/cat/0932.png,9201
cifar10/test/cat/0259.png,2661
cifar10/test/cat/0503.png,5050
cifar10/test/cat/0265.png,2747
cifar10/test/cat/0271.png,2795
cifar10/test/cat/0517.png,5204
cifar10/test/cat/0249.png,2585
cifar10/test/cat/0513.png,5185
cifar10/test/cat/0275.png,2822
cifar10/test/cat/0261.png,2698
cifar10/test/cat/0507.png,5128
cifar10/test/cat/0088.png,870
cifar10/test/cat/0936.png,9243
cifar10/test/cat/0922.png,9120
cifar10/test/cat/0739.png,7377
cifar10/test/cat/0077.png,790
cifar10/test/cat/0711.png,7110
cifar10/test/cat/0705.png,7036
cifar10/test/cat/0063.png,664
cifar10/test/cat/0842.png,8298
cifar10/test/cat/0659.png,6596
cifar10/test/cat/0881.png,8620
cifar10/test/cat/0895.png,8746
cifar10/test/cat/0103.png,998
cifar10/test/cat/0671.png,6732
cifar10/test/cat/0117.png,1121
cifar10/test/cat/0329.png,3324
cifar10/test/cat/0467.png,4754
cifar10/test/cat/0301.png,3049
cifar10/test/cat/0315.png,3194
cifar10/test/cat/0473.png,4808
cifar10/test/cat/0314.png,3190
cifar10/test/cat/0472.png,4804
cifar10/test/cat/0466.png,4718
cifar10/test/cat/0300.png,3038
cifar10/test/cat/0328.png,3315
cifar10/test/cat/0499.png,5011
cifar10/test/cat/0670.png,6726
cifar10/test/cat/0116.png,1112
cifar10/test/cat/0102.png,995
cifar10/test/cat/0664.png,6694
cifar10/test/cat/0894.png,8739
cifar10/test/cat/0658.png,6587
cifar10/test/cat/0857.png,8401
cifar10/test/cat/0843.png,8299
cifar10/test/cat/0704.png,7026
cifar10/test/cat/0062.png,650
cifar10/test/cat/0076.png,786
cifar10/test/cat/0710.png,7105
cifar10/test/cat/0738.png,7374
cifar10/test/cat/0923.png,9121
cifar10/test/cat/0089.png,874
cifar10/test/cat/0260.png,2684
cifar10/test/cat/0512.png,5176
cifar10/test/cat/0274.png,2815
cifar10/test/cat/0248.png,2565
cifar10/test/cat/0289.png,2937
cifar10/test/cat/0538.png,5410
cifar10/test/cat/0504.png,5084
cifar10/test/cat/0262.png,2706
cifar10/test/cat/0276.png,2823
cifar10/test/cat/0510.png,5155
cifar10/test/cat/0921.png,9109
cifar10/test/cat/0935.png,9228
cifar10/test/cat/0909.png,8952
cifar10/test/cat/0048.png,467
cifar10/test/cat/0060.png,641
cifar10/test/cat/0706.png,7045
cifar10/test/cat/0712.png,7145
cifar10/test/cat/0074.png,739
cifar10/test/cat/0855.png,8386
cifar10/test/cat/0841.png,8295
cifar10/test/cat/0699.png,7002
cifar10/test/cat/0869.png,8528
cifar10/test/cat/0128.png,1208
cifar10/test/cat/0896.png,8754
cifar10/test/cat/0882.png,8632
cifar10/test/cat/0114.png,1074
cifar10/test/cat/0666.png,6705
cifar10/test/cat/0100.png,957
cifar10/test/cat/0458.png,4652
cifar10/test/cat/0470.png,4776
cifar10/test/cat/0316.png,3220
cifar10/test/cat/0464.png,4708
cifar10/test/cat/0303.png,3065
cifar10/test/cat/0465.png,4710
cifar10/test/cat/0471.png,4785
cifar10/test/cat/0317.png,3228
cifar10/test/cat/0459.png,4665
cifar10/test/cat/0667.png,6709
cifar10/test/cat/0101.png,986
cifar10/test/cat/0115.png,1088
cifar10/test/cat/0673.png,6769
cifar10/test/cat/0883.png,8633
cifar10/test/cat/0129.png,1219
cifar10/test/cat/0897.png,8774
cifar10/test/cat/0868.png,8526
cifar10/test/cat/0698.png,6994
cifar10/test/cat/0840.png,8281
cifar10/test/cat/0854.png,8382
cifar10/test/cat/0713.png,7150
cifar10/test/cat/0075.png,760
cifar10/test/cat/0061.png,646
cifar10/test/cat/0707.png,7051
cifar10/test/cat/0049.png,470
cifar10/test/cat/0908.png,8930
cifar10/test/cat/0934.png,9226
cifar10/test/cat/0920.png,9093
cifar10/test/cat/0277.png,2829
cifar10/test/cat/0511.png,5161
cifar10/test/cat/0505.png,5086
cifar10/test/cat/0263.png,2720
cifar10/test/cat/0539.png,5413
cifar10/test/cat/0288.png,2923
cifar10/test/cat/0589.png,5852
cifar10/test/cat/0204.png,2046
cifar10/test/cat/0210.png,2107
cifar10/test/cat/0576.png,5732
cifar10/test/cat/0238.png,2422
cifar10/test/cat/0947.png,9316
cifar10/test/cat/0006.png,63
cifar10/test/cat/0760.png,7579
cifar10/test/cat/0774.png,7750
cifar10/test/cat/0012.png,106
cifar10/test/cat/0984.png,9809
cifar10/test/cat/0990.png,9926
cifar10/test/cat/0748.png,7437
cifar10/test/cat/0833.png,8245
cifar10/test/cat/0827.png,8204
cifar10/test/cat/0199.png,1996
cifar10/test/cat/0172.png,1715
cifar10/test/cat/0614.png,6126
cifar10/test/cat/0600.png,5987
cifar10/test/cat/0166.png,1611
cifar10/test/cat/0416.png,4307
cifar10/test/cat/0370.png,3743
cifar10/test/cat/0364.png,3674
cifar10/test/cat/0402.png,4148
cifar10/test/cat/0358.png,3628
cifar10/test/cat/0359.png,3633
cifar10/test/cat/0365.png,3682
cifar10/test/cat/0403.png,4155
cifar10/test/cat/0417.png,4334
cifar10/test/cat/0371.png,3752
cifar10/test/cat/0629.png,6225
cifar10/test/cat/0601.png,5991
cifar10/test/cat/0167.png,1612
cifar10/test/cat/0173.png,1733
cifar10/test/cat/0615.png,6131
cifar10/test/cat/0832.png,8241
cifar10/test/cat/0749.png,7440
cifar10/test/cat/0991.png,9947
cifar10/test/cat/0013.png,115
cifar10/test/cat/0007.png,68
cifar10/test/cat/0761.png,7596
cifar10/test/cat/0952.png,9388
cifar10/test/cat/0946.png,9310
cifar10/test/cat/0211.png,2133
cifar10/test/cat/0577.png,5733
cifar10/test/cat/0563.png,5597
cifar10/test/cat/0205.png,2049
cifar10/test/cat/0588.png,5835
cifar10/test/cat/0575.png,5701
cifar10/test/cat/0213.png,2157
cifar10/test/cat/0207.png,2068
cifar10/test/cat/0561.png,5588
cifar10/test/cat/0549.png,5511
cifar10/test/cat/0978.png,9745
cifar10/test/cat/0788.png,7879
cifar10/test/cat/0950.png,9338
cifar10/test/cat/0011.png,103
cifar10/test/cat/0777.png,7783
cifar10/test/cat/0763.png,7618
cifar10/test/cat/0005.png,61
cifar10/test/cat/0993.png,9950
cifar10/test/cat/0987.png,9839
cifar10/test/cat/0039.png,412
cifar10/test/cat/0818.png,8174
cifar10/test/cat/0824.png,8200
cifar10/test/cat/0603.png,6009
cifar10/test/cat/0617.png,6135
cifar10/test/cat/0171.png,1704
cifar10/test/cat/0159.png,1594
cifar10/test/cat/0398.png,4097
cifar10/test/cat/0401.png,4147
cifar10/test/cat/0367.png,3714
cifar10/test/cat/0373.png,3787
cifar10/test/cat/0415.png,4306
cifar10/test/cat/0429.png,4442
cifar10/test/cat/0428.png,4435
cifar10/test/cat/0372.png,3779
cifar10/test/cat/0414.png,4282
cifar10/test/cat/0400.png,4107
cifar10/test/cat/0366.png,3700
cifar10/test/cat/0399.png,4106
cifar10/test/cat/0170.png,1662
cifar10/test/cat/0164.png,1606
cifar10/test/cat/0602.png,6008
cifar10/test/cat/0831.png,8231
cifar10/test/cat/0825.png,8201
cifar10/test/cat/0819.png,8175
cifar10/test/cat/0986.png,9819
cifar10/test/cat/0992.png,9949
cifar10/test/cat/0762.png,7598
cifar10/test/cat/0004.png,53
cifar10/test/cat/0010.png,91
cifar10/test/cat/0776.png,7780
cifar10/test/cat/0945.png,9308
cifar10/test/cat/0951.png,9375
cifar10/test/cat/0789.png,7881
cifar10/test/cat/0979.png,9748
cifar10/test/cat/0548.png,5506
cifar10/test/cat/0206.png,2054
cifar10/test/cat/0560.png,5578
cifar10/test/cat/0574.png,5700
cifar10/test/cat/0212.png,2144
cifar10/test/cat/0558.png,5565
cifar10/test/cat/0216.png,2178
cifar10/test/cat/0570.png,5656
cifar10/test/cat/0564.png,5605
cifar10/test/cat/0202.png,2034
cifar10/test/cat/0955.png,9431
cifar10/test/cat/0799.png,7970
cifar10/test/cat/0941.png,9281
cifar10/test/cat/0969.png,9584
cifar10/test/cat/0996.png,9968
cifar10/test/cat/0028.png,279
cifar10/test/cat/0982.png,9778
cifar10/test/cat/0772.png,7743
cifar10/test/cat/0014.png,121
cifar10/test/cat/0821.png,8183
cifar10/test/cat/0835.png,8257
cifar10/test/cat/0809.png,8096
cifar10/test/cat/0148.png,1445
cifar10/test/cat/0606.png,6027
cifar10/test/cat/0174.png,1775
cifar10/test/cat/0389.png,3977
cifar10/test/cat/0362.png,3649
cifar10/test/cat/0404.png,4156
cifar10/test/cat/0376.png,3819
cifar10/test/cat/0411.png,4248
cifar10/test/cat/0377.png,3835
cifar10/test/cat/0363.png,3654
cifar10/test/cat/0405.png,4169
cifar10/test/cat/0439.png,4520
cifar10/test/cat/0388.png,3956
cifar10/test/cat/0175.png,1779
cifar10/test/cat/0161.png,1597
cifar10/test/cat/0149.png,1454
cifar10/test/cat/0808.png,8077
cifar10/test/cat/0834.png,8251
cifar10/test/cat/0820.png,8181
cifar10/test/cat/0001.png,0
cifar10/test/cat/0767.png,7709
cifar10/test/cat/0773.png,7747
cifar10/test/cat/0015.png,127
cifar10/test/cat/0983.png,9781
cifar10/test/cat/0997.png,9979
cifar10/test/cat/0029.png,294
cifar10/test/cat/0968.png,9578
cifar10/test/cat/0940.png,9277
cifar10/test/cat/0798.png,7962
cifar10/test/cat/0565.png,5620
cifar10/test/cat/0203.png,2044
cifar10/test/cat/0217.png,2181
cifar10/test/cat/0571.png,5671
cifar10/test/cat/0559.png,5575
cifar10/test/cat/0598.png,5943
cifar10/test/cat/0229.png,2286
cifar10/test/cat/0201.png,2029
cifar10/test/cat/0567.png,5632
cifar10/test/cat/0573.png,5689
cifar10/test/cat/0215.png,2175
cifar10/test/cat/0942.png,9292
cifar10/test/cat/0956.png,9433
cifar10/test/cat/0981.png,9755
cifar10/test/cat/0759.png,7574
cifar10/test/cat/0995.png,9967
cifar10/test/cat/0003.png,46
cifar10/test/cat/0771.png,7736
cifar10/test/cat/0836.png,8258
cifar10/test/cat/0822.png,8193
cifar10/test/cat/0639.png,6345
cifar10/test/cat/0611.png,6079
cifar10/test/cat/0163.png,1605
cifar10/test/cat/0605.png,6026
cifar10/test/cat/0349.png,3572
cifar10/test/cat/0375.png,3810
cifar10/test/cat/0413.png,4277
cifar10/test/cat/0407.png,4176
cifar10/test/cat/0361.png,3646
cifar10/test/cat/0406.png,4175
cifar10/test/cat/0360.png,3634
cifar10/test/cat/0374.png,3799
cifar10/test/cat/0412.png,4266
cifar10/test/cat/0348.png,3570
cifar10/test/cat/0162.png,1603
cifar10/test/cat/0604.png,6021
cifar10/test/cat/0176.png,1782
cifar10/test/cat/0638.png,6340
cifar10/test/cat/0823.png,8196
cifar10/test/cat/0837.png,8271
cifar10/test/cat/0189.png,1905
cifar10/test/cat/0016.png,143
cifar10/test/cat/0770.png,7723
cifar10/test/cat/0764.png,7627
cifar10/test/cat/0994.png,9961
cifar10/test/cat/0758.png,7569
cifar10/test/cat/0980.png,9753
cifar10/test/cat/0957.png,9437
cifar10/test/cat/0943.png,9295
cifar10/test/cat/0572.png,5681
cifar10/test/cat/0214.png,2173
cifar10/test/cat/0200.png,2018
cifar10/test/cat/0566.png,5630
cifar10/test/cat/0228.png,2285
cifar10/test/cat/0580.png,5769
cifar10/test/cat/0594.png,5908
cifar10/test/cat/0543.png,5478
cifar10/test/cat/0225.png,2261
cifar10/test/cat/0231.png,2306
cifar10/test/cat/0557.png,5560
cifar10/test/cat/0219.png,2230
cifar10/test/cat/0796.png,7952
cifar10/test/cat/0966.png,9562
cifar10/test/cat/0972.png,9665
cifar10/test/cat/0027.png,277
cifar10/test/cat/0999.png,9994
cifar10/test/cat/0741.png,7384
cifar10/test/cat/0755.png,7518
cifar10/test/cat/0033.png,332
cifar10/test/cat/0769.png,7717
cifar10/test/cat/0190.png,1909
cifar10/test/cat/0812.png,8112
cifar10/test/cat/0806.png,8059
cifar10/test/cat/0153.png,1524
cifar10/test/cat/0635.png,6311
cifar10/test/cat/0621.png,6174
cifar10/test/cat/0147.png,1442
cifar10/test/cat/0609.png,6062
cifar10/test/cat/0392.png,4043
cifar10/test/cat/0386.png,3928
cifar10/test/cat/0437.png,4499
cifar10/test/cat/0351.png,3584
cifar10/test/cat/0345.png,3509
cifar10/test/cat/0423.png,4393
cifar10/test/cat/0379.png,3864
cifar10/test/cat/0378.png,3859
cifar10/test/cat/0344.png,3508
cifar10/test/cat/0422.png,4391
cifar10/test/cat/0436.png,4495
cifar10/test/cat/0393.png,4050
cifar10/test/cat/0608.png,6060
cifar10/test/cat/0620.png,6168
cifar10/test/cat/0146.png,1416
cifar10/test/cat/0152.png,1518
cifar10/test/cat/0634.png,6299
cifar10/test/cat/0813.png,8114
cifar10/test/cat/0185.png,1877
cifar10/test/cat/0768.png,7714
cifar10/test/cat/0754.png,7509
cifar10/test/cat/0032.png,323
cifar10/test/cat/0026.png,273
cifar10/test/cat/0740.png,7378
cifar10/test/cat/0998.png,9992
cifar10/test/cat/0973.png,9666
cifar10/test/cat/0967.png,9576
cifar10/test/cat/0797.png,7961
cifar10/test/cat/0783.png,7827
cifar10/test/cat/0218.png,2207
cifar10/test/cat/0230.png,2300
cifar10/test/cat/0556.png,5559
cifar10/test/cat/0542.png,5458
cifar10/test/cat/0224.png,2253
cifar10/test/cat/0595.png,5917
cifar10/test/cat/0581.png,5773
cifar10/test/cat/0597.png,5934
cifar10/test/cat/0583.png,5815
cifar10/test/cat/0232.png,2314
cifar10/test/cat/0226.png,2268
cifar10/test/cat/0540.png,5424
cifar10/test/cat/0795.png,7933
cifar10/test/cat/0781.png,7813
cifar10/test/cat/0959.png,9453
cifar10/test/cat/0971.png,9648
cifar10/test/cat/0965.png,9522
cifar10/test/cat/0030.png,302
cifar10/test/cat/0756.png,7524
cifar10/test/cat/0742.png,7399
cifar10/test/cat/0024.png,256
cifar10/test/cat/0018.png,184
cifar10/test/cat/0187.png,1887
cifar10/test/cat/0839.png,8279
cifar10/test/cat/0193.png,1947
cifar10/test/cat/0805.png,8033
cifar10/test/cat/0811.png,8102
cifar10/test/cat/0622.png,6175
cifar10/test/cat/0636.png,6333
cifar10/test/cat/0150.png,1468
cifar10/test/cat/0178.png,1788
cifar10/test/cat/0385.png,3923
cifar10/test/cat/0391.png,4032
cifar10/test/cat/0420.png,4352
cifar10/test/cat/0346.png,3513
cifar10/test/cat/0352.png,3594
cifar10/test/cat/0434.png,4485
cifar10/test/cat/0409.png,4195
cifar10/test/cat/0435.png,4487
cifar10/test/cat/0421.png,4375
cifar10/test/cat/0347.png,3539
cifar10/test/cat/0390.png,4012
cifar10/test/cat/0384.png,3906
cifar10/test/cat/0179.png,1794
cifar10/test/cat/0637.png,6339
cifar10/test/cat/0151.png,1474
cifar10/test/cat/0145.png,1411
cifar10/test/cat/0623.png,6196
cifar10/test/cat/0810.png,8099
cifar10/test/cat/0192.png,1936
cifar10/test/cat/0186.png,1883
cifar10/test/cat/0838.png,8275
cifar10/test/cat/0019.png,187
cifar10/test/cat/0743.png,7400
cifar10/test/cat/0025.png,271
cifar10/test/cat/0757.png,7549
cifar10/test/cat/0964.png,9505
cifar10/test/cat/0970.png,9647
cifar10/test/cat/0958.png,9448
cifar10/test/cat/0780.png,7807
cifar10/test/cat/0794.png,7924
cifar10/test/cat/0569.png,5655
cifar10/test/cat/0227.png,2269
cifar10/test/cat/0555.png,5535
cifar10/test/cat/0233.png,2350
cifar10/test/cat/0582.png,5779
cifar10/test/cat/0592.png,5881
cifar10/test/cat/0586.png,5825
cifar10/test/cat/0579.png,5754
cifar10/test/cat/0237.png,2410
cifar10/test/cat/0551.png,5525
cifar10/test/cat/0545.png,5490
cifar10/test/cat/0223.png,2252
cifar10/test/cat/0974.png,9676
cifar10/test/cat/0960.png,9454
cifar10/test/cat/0790.png,7885
cifar10/test/cat/0948.png,9319
cifar10/test/cat/0784.png,7839
cifar10/test/cat/0009.png,78
cifar10/test/cat/0753.png,7497
cifar10/test/cat/0035.png,356
cifar10/test/cat/0021.png,224
cifar10/test/cat/0747.png,7420
cifar10/test/cat/0800.png,7979
cifar10/test/cat/0814.png,8131
cifar10/test/cat/0182.png,1848
cifar10/test/cat/0196.png,1979
cifar10/test/cat/0828.png,8216
cifar10/test/cat/0169.png,1660
cifar10/test/cat/0141.png,1373
cifar10/test/cat/0155.png,1530
cifar10/test/cat/0633.png,6298
cifar10/test/cat/0380.png,3867
cifar10/test/cat/0394.png,4071
cifar10/test/cat/0343.png,3491
cifar10/test/cat/0425.png,4404
cifar10/test/cat/0357.png,3617
cifar10/test/cat/0430.png,4457
cifar10/test/cat/0356.png,3614
cifar10/test/cat/0342.png,3489
cifar10/test/cat/0424.png,4400
cifar10/test/cat/0395.png,4077
cifar10/test/cat/0154.png,1525
cifar10/test/cat/0632.png,6293
cifar10/test/cat/0626.png,6202
cifar10/test/cat/0140.png,1368
cifar10/test/cat/0168.png,1625
cifar10/test/cat/0197.png,1981
cifar10/test/cat/0829.png,8219
cifar10/test/cat/0815.png,8136
cifar10/test/cat/0801.png,7980
cifar10/test/cat/0746.png,7417
cifar10/test/cat/0752.png,7496
cifar10/test/cat/0034.png,336
cifar10/test/cat/0008.png,77
cifar10/test/cat/0785.png,7853
cifar10/test/cat/0949.png,9336
cifar10/test/cat/0791.png,7905
cifar10/test/cat/0961.png,9460
cifar10/test/cat/0975.png,9678
cifar10/test/cat/0544.png,5486
cifar10/test/cat/0222.png,2243
cifar10/test/cat/0236.png,2405
cifar10/test/cat/0550.png,5518
cifar10/test/cat/0578.png,5752
cifar10/test/cat/0587.png,5833
cifar10/test/cat/0593.png,5890
cifar10/test/cat/0585.png,5822
cifar10/test/cat/0591.png,5874
cifar10/test/cat/0208.png,2076
cifar10/test/cat/0546.png,5493
cifar10/test/cat/0552.png,5529
cifar10/test/cat/0963.png,9498
cifar10/test/cat/0977.png,9740
cifar10/test/cat/0787.png,7865
cifar10/test/cat/0793.png,7915
cifar10/test/cat/0778.png,7789
cifar10/test/cat/0744.png,7401
cifar10/test/cat/0022.png,245
cifar10/test/cat/0036.png,367
cifar10/test/cat/0988.png,9862
cifar10/test/cat/0750.png,7475
cifar10/test/cat/0817.png,8169
cifar10/test/cat/0803.png,8019
cifar10/test/cat/0195.png,1964
cifar10/test/cat/0181.png,1830
cifar10/test/cat/0618.png,6138
cifar10/test/cat/0630.png,6237
cifar10/test/cat/0142.png,1377
cifar10/test/cat/0624.png,6200
cifar10/test/cat/0397.png,4094
cifar10/test/cat/0383.png,3901
cifar10/test/cat/0368.png,3716
cifar10/test/cat/0354.png,3606
cifar10/test/cat/0432.png,4464
cifar10/test/cat/0426.png,4407
cifar10/test/cat/0340.png,3463
cifar10/test/cat/0427.png,4422
cifar10/test/cat/0341.png,3479
cifar10/test/cat/0355.png,3607
cifar10/test/cat/0433.png,4467
cifar10/test/cat/0369.png,3736
cifar10/test/cat/0382.png,3900
cifar10/test/cat/0396.png,4093
cifar10/test/cat/0143.png,1386
cifar10/test/cat/0625.png,6201
cifar10/test/cat/0631.png,6283
cifar10/test/cat/0157.png,1552
cifar10/test/cat/0180.png,1813
cifar10/test/cat/0194.png,1957
cifar10/test/cat/0802.png,8012
cifar10/test/cat/0816.png,8141
cifar10/test/cat/0037.png,397
cifar10/test/cat/0751.png,7489
cifar10/test/cat/0989.png,9901
cifar10/test/cat/0745.png,7415
cifar10/test/cat/0779.png,7797
cifar10/test/cat/0786.png,7854
cifar10/test/cat/0976.png,9722
cifar10/test/cat/0962.png,9497
cifar10/test/cat/0553.png,5530
cifar10/test/cat/0235.png,2401
cifar10/test/cat/0221.png,2233
cifar10/test/cat/0547.png,5497
cifar10/test/cat/0209.png,2081
cifar10/test/cat/0590.png,5856
cifar10/test/cat/0285.png,2897
cifar10/test/cat/0291.png,2949
cifar10/test/cat/0520.png,5218
cifar10/test/cat/0534.png,5361
cifar10/test/cat/0252.png,2612
cifar10/test/cat/0508.png,5147
cifar10/test/cat/0939.png,9255
cifar10/test/cat/0087.png,866
cifar10/test/cat/0093.png,898
cifar10/test/cat/0905.png,8848
cifar10/test/cat/0722.png,7224
cifar10/test/cat/0044.png,438
cifar10/test/cat/0050.png,515
cifar10/test/cat/0736.png,7367
cifar10/test/cat/0695.png,6973
cifar10/test/cat/0859.png,8433
cifar10/test/cat/0681.png,6827
cifar10/test/cat/0871.png,8548
cifar10/test/cat/0865.png,8490
cifar10/test/cat/0656.png,6553
cifar10/test/cat/0130.png,1227
cifar10/test/cat/0124.png,1173
cifar10/test/cat/0642.png,6380
cifar10/test/cat/0118.png,1123
cifar10/test/cat/0483.png,4886
cifar10/test/cat/0332.png,3353
cifar10/test/cat/0454.png,4617
cifar10/test/cat/0326.png,3280
cifar10/test/cat/0468.png,4760
cifar10/test/cat/0441.png,4527
cifar10/test/cat/0327.png,3298
cifar10/test/cat/0333.png,3354
cifar10/test/cat/0455.png,4618
cifar10/test/cat/0482.png,4876
cifar10/test/cat/0496.png,4996
cifar10/test/cat/0119.png,1124
cifar10/test/cat/0125.png,1179
cifar10/test/cat/0643.png,6383
cifar10/test/cat/0657.png,6575
cifar10/test/cat/0131.png,1247
cifar10/test/cat/0864.png,8484
cifar10/test/cat/0870.png,8532
cifar10/test/cat/0680.png,6825
cifar10/test/cat/0858.png,8420
cifar10/test/cat/0694.png,6942
cifar10/test/cat/0079.png,811
cifar10/test/cat/0051.png,558
cifar10/test/cat/0737.png,7370
cifar10/test/cat/0723.png,7228
cifar10/test/cat/0045.png,453
cifar10/test/cat/0910.png,8966
cifar10/test/cat/0904.png,8824
cifar10/test/cat/0092.png,896
cifar10/test/cat/0938.png,9250
cifar10/test/cat/0086.png,863
cifar10/test/cat/0509.png,5148
cifar10/test/cat/0535.png,5368
cifar10/test/cat/0247.png,2543
cifar10/test/cat/0521.png,5228
cifar10/test/cat/0290.png,2940
cifar10/test/cat/0284.png,2878
cifar10/test/cat/0292.png,2952
cifar10/test/cat/0286.png,2900
cifar10/test/cat/0251.png,2606
cifar10/test/cat/0523.png,5268
cifar10/test/cat/0245.png,2526
cifar10/test/cat/0279.png,2832
cifar10/test/cat/0090.png,878
cifar10/test/cat/0084.png,845
cifar10/test/cat/0912.png,8996
cifar10/test/cat/0906.png,8882
cifar10/test/cat/0735.png,7352
cifar10/test/cat/0053.png,573
cifar10/test/cat/0047.png,464
cifar10/test/cat/0721.png,7221
cifar10/test/cat/0709.png,7099
cifar10/test/cat/0682.png,6828
cifar10/test/cat/0696.png,6976
cifar10/test/cat/0872.png,8557
cifar10/test/cat/0641.png,6375
cifar10/test/cat/0899.png,8786
cifar10/test/cat/0127.png,1181
cifar10/test/cat/0133.png,1269
cifar10/test/cat/0655.png,6538
cifar10/test/cat/0669.png,6722
cifar10/test/cat/0480.png,4862
cifar10/test/cat/0494.png,4982
cifar10/test/cat/0325.png,3267
cifar10/test/cat/0443.png,4542
cifar10/test/cat/0457.png,4643
cifar10/test/cat/0319.png,3231
cifar10/test/cat/0318.png,3230
cifar10/test/cat/0456.png,4637
cifar10/test/cat/0330.png,3329
cifar10/test/cat/0324.png,3259
cifar10/test/cat/0442.png,4537
cifar10/test/cat/0495.png,4987
cifar10/test/cat/0481.png,4864
cifar10/test/cat/0132.png,1268
cifar10/test/cat/0654.png,6530
cifar10/test/cat/0898.png,8778
cifar10/test/cat/0640.png,6364
cifar10/test/cat/0126.png,1180
cifar10/test/cat/0873.png,8577
cifar10/test/cat/0867.png,8525
cifar10/test/cat/0683.png,6833
cifar10/test/cat/0708.png,7074
cifar10/test/cat/0046.png,456
cifar10/test/cat/0720.png,7214
cifar10/test/cat/0734.png,7349
cifar10/test/cat/0907.png,8885
cifar10/test/cat/0913.png,8999
cifar10/test/cat/0085.png,862
cifar10/test/cat/0091.png,882
cifar10/test/cat/0278.png,2831
cifar10/test/cat/0522.png,5232
cifar10/test/cat/0244.png,2524
cifar10/test/cat/0250.png,2598
cifar10/test/cat/0287.png,2922
cifar10/test/cat/0293.png,2963
cifar10/test/cat/0283.png,2871
cifar10/test/cat/0254.png,2632
cifar10/test/cat/0240.png,2453
cifar10/test/cat/0526.png,5290
cifar10/test/cat/0917.png,9080
cifar10/test/cat/0903.png,8818
cifar10/test/cat/0095.png,916
cifar10/test/cat/0081.png,825
cifar10/test/cat/0718.png,7211
cifar10/test/cat/0056.png,599
cifar10/test/cat/0730.png,7310
cifar10/test/cat/0724.png,7255
cifar10/test/cat/0042.png,432
cifar10/test/cat/0863.png,8481
cifar10/test/cat/0877.png,8600
cifar10/test/cat/0687.png,6873
cifar10/test/cat/0693.png,6938
cifar10/test/cat/0678.png,6792
cifar10/test/cat/0122.png,1166
cifar10/test/cat/0644.png,6393
cifar10/test/cat/0650.png,6465
cifar10/test/cat/0888.png,8668
cifar10/test/cat/0136.png,1280
cifar10/test/cat/0485.png,4914
cifar10/test/cat/0491.png,4963
cifar10/test/cat/0308.png,3125
cifar10/test/cat/0446.png,4553
cifar10/test/cat/0320.png,3234
cifar10/test/cat/0334.png,3387
cifar10/test/cat/0452.png,4605
cifar10/test/cat/0335.png,3390
cifar10/test/cat/0453.png,4614
cifar10/test/cat/0447.png,4559
cifar10/test/cat/0321.png,3247
cifar10/test/cat/0309.png,3129
cifar10/test/cat/0490.png,4962
cifar10/test/cat/0484.png,4900
cifar10/test/cat/0889.png,8677
cifar10/test/cat/0137.png,1334
cifar10/test/cat/0123.png,1168
cifar10/test/cat/0645.png,6406
cifar10/test/cat/0679.png,6793
cifar10/test/cat/0692.png,6913
cifar10/test/cat/0686.png,6865
cifar10/test/cat/0876.png,8598
cifar10/test/cat/0862.png,8467
cifar10/test/cat/0725.png,7268
cifar10/test/cat/0043.png,434
cifar10/test/cat/0057.png,607
cifar10/test/cat/0719.png,7212
cifar10/test/cat/0094.png,911
cifar10/test/cat/0902.png,8815
cifar10/test/cat/0916.png,9043
cifar10/test/cat/0527.png,5306
cifar10/test/cat/0533.png,5349
cifar10/test/cat/0255.png,2633
cifar10/test/cat/0269.png,2779
cifar10/test/cat/0282.png,2855
cifar10/test/cat/0296.png,3011
cifar10/test/cat/0280.png,2836
cifar10/test/cat/0294.png,2972
cifar10/test/cat/0519.png,5213
cifar10/test/cat/0525.png,5281
cifar10/test/cat/0243.png,2506
cifar10/test/cat/0257.png,2646
cifar10/test/cat/0900.png,8803
cifar10/test/cat/0914.png,9003
cifar10/test/cat/0082.png,829
cifar10/test/cat/0928.png,9157
cifar10/test/cat/0096.png,932
cifar10/test/cat/0069.png,690
cifar10/test/cat/0041.png,426
cifar10/test/cat/0727.png,7283
cifar10/test/cat/0733.png,7323
cifar10/test/cat/0055.png,597
cifar10/test/cat/0874.png,8580
cifar10/test/cat/0860.png,8435
cifar10/test/cat/0848.png,8331
cifar10/test/cat/0690.png,6900
cifar10/test/cat/0684.png,6842
cifar10/test/cat/0109.png,1050
cifar10/test/cat/0135.png,1275
cifar10/test/cat/0653.png,6525
cifar10/test/cat/0647.png,6440
cifar10/test/cat/0121.png,1163
cifar10/test/cat/0492.png,4965
cifar10/test/cat/0486.png,4918
cifar10/test/cat/0479.png,4845
cifar10/test/cat/0451.png,4589
cifar10/test/cat/0337.png,3413
cifar10/test/cat/0323.png,3254
cifar10/test/cat/0445.png,4547
cifar10/test/cat/0322.png,3249
cifar10/test/cat/0444.png,4545
cifar10/test/cat/0450.png,4581
cifar10/test/cat/0336.png,3391
cifar10/test/cat/1000.png,9996
cifar10/test/cat/0478.png,4830
cifar10/test/cat/0487.png,4933
cifar10/test/cat/0493.png,4975
cifar10/test/cat/0646.png,6439
cifar10/test/cat/0120.png,1129
cifar10/test/cat/0134.png,1274
cifar10/test/cat/0652.png,6514
cifar10/test/cat/0108.png,1033
cifar10/test/cat/0685.png,6859
cifar10/test/cat/0691.png,6912
cifar10/test/cat/0849.png,8336
cifar10/test/cat/0861.png,8446
cifar10/test/cat/0875.png,8594
cifar10/test/cat/0732.png,7314
cifar10/test/cat/0054.png,586
cifar10/test/cat/0040.png,418
cifar10/test/cat/0726.png,7275
cifar10/test/cat/0068.png,688
cifar10/test/cat/0929.png,9190
cifar10/test/cat/0097.png,945
cifar10/test/cat/0083.png,831
cifar10/test/cat/0915.png,9022
cifar10/test/cat/0901.png,8806
cifar10/test/cat/0256.png,2643
cifar10/test/cat/0530.png,5336
cifar10/test/cat/0524.png,5272
cifar10/test/cat/0242.png,2498
cifar10/test/cat/0518.png,5206
cifar10/test/cat/0295.png,2991
cifar10/test/cat/0281.png,2840
cifar10/test/deer/0298.png,2992
cifar10/test/deer/0267.png,2676
cifar10/test/deer/0501.png,4889
cifar10/test/deer/0273.png,2763
cifar10/test/deer/0918.png,9104
cifar10/test/deer/0924.png,9129
cifar10/test/deer/0930.png,9187
cifar10/test/deer/0703.png,6802
cifar10/test/deer/0065.png,730
cifar10/test/deer/0071.png,797
cifar10/test/deer/0717.png,6941
cifar10/test/deer/0059.png,682
cifar10/test/deer/0878.png,8699
cifar10/test/deer/0850.png,8375
cifar10/test/deer/0688.png,6624
cifar10/test/deer/0677.png,6510
cifar10/test/deer/0111.png,1272
cifar10/test/deer/0105.png,1207
cifar10/test/deer/0663.png,6403
cifar10/test/deer/0893.png,8855
cifar10/test/deer/0139.png,1516
cifar10/test/deer/0887.png,8801
cifar10/test/deer/0313.png,3127
cifar10/test/deer/0475.png,4625
cifar10/test/deer/0461.png,4529
cifar10/test/deer/0307.png,3069
cifar10/test/deer/0449.png,4436
cifar10/test/deer/0448.png,4416
cifar10/test/deer/0460.png,4524
cifar10/test/deer/0306.png,3056
cifar10/test/deer/0312.png,3120
cifar10/test/deer/0474.png,4616
cifar10/test/deer/0138.png,1503
cifar10/test/deer/0886.png,8787
cifar10/test/deer/0892.png,8854
cifar10/test/deer/0662.png,6401
cifar10/test/deer/0110.png,1267
cifar10/test/deer/0845.png,8349
cifar10/test/deer/0689.png,6625
cifar10/test/deer/0851.png,8381
cifar10/test/deer/0879.png,8703
cifar10/test/deer/0058.png,661
cifar10/test/deer/0070.png,793
cifar10/test/deer/0716.png,6919
cifar10/test/deer/0702.png,6757
cifar10/test/deer/0064.png,720
cifar10/test/deer/0925.png,9139
cifar10/test/deer/0919.png,9112
cifar10/test/deer/0528.png,5195
cifar10/test/deer/0272.png,2762
cifar10/test/deer/0266.png,2664
cifar10/test/deer/0500.png,4884
cifar10/test/deer/0299.png,2995
cifar10/test/deer/0270.png,2719
cifar10/test/deer/0516.png,5059
cifar10/test/deer/0502.png,4902
cifar10/test/deer/0264.png,2653
cifar10/test/deer/0258.png,2611
cifar10/test/deer/0933.png,9290
cifar10/test/deer/0099.png,1128
cifar10/test/deer/0927.png,9163
cifar10/test/deer/0714.png,6916
cifar10/test/deer/0072.png,802
cifar10/test/deer/0066.png,735
cifar10/test/deer/0700.png,6750
cifar10/test/deer/0728.png,7059
cifar10/test/deer/0847.png,8369
cifar10/test/deer/0853.png,8429
cifar10/test/deer/0660.png,6382
cifar10/test/deer/0106.png,1217
cifar10/test/deer/0112.png,1292
cifar10/test/deer/0674.png,6498
cifar10/test/deer/0884.png,8780
cifar10/test/deer/0648.png,6243
cifar10/test/deer/0890.png,8836
cifar10/test/deer/0489.png,4731
cifar10/test/deer/0304.png,3053
cifar10/test/deer/0462.png,4554
cifar10/test/deer/0310.png,3098
cifar10/test/deer/0338.png,3402
cifar10/test/deer/0339.png,3410
cifar10/test/deer/0477.png,4645
cifar10/test/deer/0311.png,3119
cifar10/test/deer/0305.png,3054
cifar10/test/deer/0463.png,4562
cifar10/test/deer/0488.png,4717
cifar10/test/deer/0891.png,8842
cifar10/test/deer/0649.png,6246
cifar10/test/deer/0885.png,8784
cifar10/test/deer/0675.png,6505
cifar10/test/deer/0661.png,6396
cifar10/test/deer/0107.png,1233
cifar10/test/deer/0852.png,8398
cifar10/test/deer/0846.png,8354
cifar10/test/deer/0729.png,7061
cifar10/test/deer/0067.png,737
cifar10/test/deer/0701.png,6753
cifar10/test/deer/0715.png,6918
cifar10/test/deer/0073.png,804
cifar10/test/deer/0098.png,1118
cifar10/test/deer/0926.png,9152
cifar10/test/deer/0932.png,9205
cifar10/test/deer/0503.png,4946
cifar10/test/deer/0265.png,2655
cifar10/test/deer/0271.png,2738
cifar10/test/deer/0249.png,2558
cifar10/test/deer/0513.png,5030
cifar10/test/deer/0275.png,2778
cifar10/test/deer/0507.png,4985
cifar10/test/deer/0088.png,971
cifar10/test/deer/0936.png,9330
cifar10/test/deer/0922.png,9119
cifar10/test/deer/0739.png,7140
cifar10/test/deer/0077.png,849
cifar10/test/deer/0711.png,6888
cifar10/test/deer/0705.png,6836
cifar10/test/deer/0063.png,718
cifar10/test/deer/0842.png,8309
cifar10/test/deer/0856.png,8456
cifar10/test/deer/0659.png,6367
cifar10/test/deer/0881.png,8714
cifar10/test/deer/0895.png,8868
cifar10/test/deer/0103.png,1186
cifar10/test/deer/0665.png,6438
cifar10/test/deer/0671.png,6477
cifar10/test/deer/0117.png,1315
cifar10/test/deer/0329.png,3309
cifar10/test/deer/0467.png,4573
cifar10/test/deer/0301.png,3016
cifar10/test/deer/0315.png,3188
cifar10/test/deer/0473.png,4608
cifar10/test/deer/0314.png,3136
cifar10/test/deer/0472.png,4604
cifar10/test/deer/0466.png,4571
cifar10/test/deer/0300.png,3004
cifar10/test/deer/0328.png,3300
cifar10/test/deer/0499.png,4847
cifar10/test/deer/0670.png,6461
cifar10/test/deer/0116.png,1304
cifar10/test/deer/0102.png,1167
cifar10/test/deer/0664.png,6422
cifar10/test/deer/0894.png,8861
cifar10/test/deer/0880.png,8711
cifar10/test/deer/0658.png,6362
cifar10/test/deer/0857.png,8474
cifar10/test/deer/0843.png,8321
cifar10/test/deer/0062.png,714
cifar10/test/deer/0076.png,835
cifar10/test/deer/0738.png,7135
cifar10/test/deer/0923.png,9128
cifar10/test/deer/0089.png,983
cifar10/test/deer/0937.png,9335
cifar10/test/deer/0260.png,2631
cifar10/test/deer/0506.png,4960
cifar10/test/deer/0512.png,5026
cifar10/test/deer/0248.png,2554
cifar10/test/deer/0289.png,2905
cifar10/test/deer/0538.png,5282
cifar10/test/deer/0504.png,4957
cifar10/test/deer/0262.png,2641
cifar10/test/deer/0276.png,2785
cifar10/test/deer/0510.png,5008
cifar10/test/deer/0921.png,9118
cifar10/test/deer/0935.png,9321
cifar10/test/deer/0909.png,8989
cifar10/test/deer/0048.png,580
cifar10/test/deer/0060.png,702
cifar10/test/deer/0706.png,6849
cifar10/test/deer/0712.png,6902
cifar10/test/deer/0074.png,805
cifar10/test/deer/0855.png,8452
cifar10/test/deer/0841.png,8307
cifar10/test/deer/0699.png,6736
cifar10/test/deer/0869.png,8622
cifar10/test/deer/0128.png,1420
cifar10/test/deer/0896.png,8886
cifar10/test/deer/0882.png,8738
cifar10/test/deer/0114.png,1300
cifar10/test/deer/0672.png,6479
cifar10/test/deer/0666.png,6446
cifar10/test/deer/0100.png,1133
cifar10/test/deer/0458.png,4513
cifar10/test/deer/0470.png,4584
cifar10/test/deer/0316.png,3203
cifar10/test/deer/0302.png,3041
cifar10/test/deer/0464.png,4564
cifar10/test/deer/0303.png,3043
cifar10/test/deer/0465.png,4567
cifar10/test/deer/0471.png,4600
cifar10/test/deer/0317.png,3216
cifar10/test/deer/0459.png,4523
cifar10/test/deer/0101.png,1145
cifar10/test/deer/0115.png,1303
cifar10/test/deer/0673.png,6497
cifar10/test/deer/0883.png,8753
cifar10/test/deer/0129.png,1423
cifar10/test/deer/0897.png,8887
cifar10/test/deer/0868.png,8612
cifar10/test/deer/0698.png,6695
cifar10/test/deer/0840.png,8305
cifar10/test/deer/0854.png,8448
cifar10/test/deer/0713.png,6909
cifar10/test/deer/0075.png,807
cifar10/test/deer/0061.png,705
cifar10/test/deer/0707.png,6853
cifar10/test/deer/0908.png,8965
cifar10/test/deer/0934.png,9318
cifar10/test/deer/0920.png,9116
cifar10/test/deer/0277.png,2786
cifar10/test/deer/0511.png,5018
cifar10/test/deer/0505.png,4958
cifar10/test/deer/0263.png,2648
cifar10/test/deer/0539.png,5283
cifar10/test/deer/0288.png,2880
cifar10/test/deer/0589.png,5756
cifar10/test/deer/0562.png,5510
cifar10/test/deer/0204.png,2069
cifar10/test/deer/0210.png,2180
cifar10/test/deer/0576.png,5641
cifar10/test/deer/0238.png,2442
cifar10/test/deer/0947.png,9461
cifar10/test/deer/0953.png,9524
cifar10/test/deer/0006.png,58
cifar10/test/deer/0760.png,7318
cifar10/test/deer/0774.png,7403
cifar10/test/deer/0012.png,159
cifar10/test/deer/0984.png,9837
cifar10/test/deer/0990.png,9910
cifar10/test/deer/0748.png,7239
cifar10/test/deer/0833.png,8198
cifar10/test/deer/0827.png,8122
cifar10/test/deer/0199.png,2002
cifar10/test/deer/0614.png,5932
cifar10/test/deer/0600.png,5873
cifar10/test/deer/0166.png,1658
cifar10/test/deer/0628.png,6032
cifar10/test/deer/0416.png,4117
cifar10/test/deer/0370.png,3671
cifar10/test/deer/0364.png,3616
cifar10/test/deer/0402.png,4023
cifar10/test/deer/0358.png,3545
cifar10/test/deer/0359.png,3559
cifar10/test/deer/0365.png,3618
cifar10/test/deer/0403.png,4027
cifar10/test/deer/0417.png,4120
cifar10/test/deer/0371.png,3675
cifar10/test/deer/0601.png,5878
cifar10/test/deer/0167.png,1674
cifar10/test/deer/0173.png,1730
cifar10/test/deer/0615.png,5933
cifar10/test/deer/0826.png,8118
cifar10/test/deer/0198.png,1990
cifar10/test/deer/0832.png,8190
cifar10/test/deer/0749.png,7245
cifar10/test/deer/0991.png,9911
cifar10/test/deer/0985.png,9840
cifar10/test/deer/0013.png,165
cifar10/test/deer/0007.png,94
cifar10/test/deer/0761.png,7322
cifar10/test/deer/0952.png,9511
cifar10/test/deer/0946.png,9447
cifar10/test/deer/0239.png,2449
cifar10/test/deer/0211.png,2182
cifar10/test/deer/0577.png,5646
cifar10/test/deer/0563.png,5515
cifar10/test/deer/0205.png,2075
cifar10/test/deer/0588.png,5755
cifar10/test/deer/0575.png,5638
cifar10/test/deer/0213.png,2191
cifar10/test/deer/0207.png,2120
cifar10/test/deer/0549.png,5369
cifar10/test/deer/0978.png,9770
cifar10/test/deer/0788.png,7571
cifar10/test/deer/0950.png,9506
cifar10/test/deer/0011.png,130
cifar10/test/deer/0777.png,7422
cifar10/test/deer/0763.png,7326
cifar10/test/deer/0005.png,40
cifar10/test/deer/0993.png,9924
cifar10/test/deer/0987.png,9886
cifar10/test/deer/0039.png,466
cifar10/test/deer/0818.png,8016
cifar10/test/deer/0824.png,8086
cifar10/test/deer/0830.png,8179
cifar10/test/deer/0165.png,1645
cifar10/test/deer/0603.png,5885
cifar10/test/deer/0617.png,5956
cifar10/test/deer/0159.png,1609
cifar10/test/deer/0398.png,3966
cifar10/test/deer/0401.png,4002
cifar10/test/deer/0367.png,3627
cifar10/test/deer/0373.png,3692
cifar10/test/deer/0415.png,4114
cifar10/test/deer/0372.png,3677
cifar10/test/deer/0414.png,4112
cifar10/test/deer/0400.png,3990
cifar10/test/deer/0366.png,3621
cifar10/test/deer/0399.png,3967
cifar10/test/deer/0158.png,1608
cifar10/test/deer/0616.png,5942
cifar10/test/deer/0170.png,1710
cifar10/test/deer/0164.png,1638
cifar10/test/deer/0602.png,5884
cifar10/test/deer/0831.png,8180
cifar10/test/deer/0819.png,8027
cifar10/test/deer/0986.png,9858
cifar10/test/deer/0038.png,465
cifar10/test/deer/0992.png,9919
cifar10/test/deer/0762.png,7325
cifar10/test/deer/0010.png,117
cifar10/test/deer/0776.png,7410
cifar10/test/deer/0945.png,9442
cifar10/test/deer/0951.png,9509
cifar10/test/deer/0789.png,7614
cifar10/test/deer/0979.png,9771
cifar10/test/deer/0548.png,5345
cifar10/test/deer/0206.png,2108
cifar10/test/deer/0560.png,5496
cifar10/test/deer/0574.png,5636
cifar10/test/deer/0212.png,2183
cifar10/test/deer/0558.png,5428
cifar10/test/deer/0216.png,2209
cifar10/test/deer/0570.png,5590
cifar10/test/deer/0564.png,5520
cifar10/test/deer/0202.png,2030
cifar10/test/deer/0955.png,9541
cifar10/test/deer/0799.png,7744
cifar10/test/deer/0969.png,9675
cifar10/test/deer/0996.png,9937
cifar10/test/deer/0028.png,365
cifar10/test/deer/0982.png,9821
cifar10/test/deer/0772.png,7391
cifar10/test/deer/0014.png,167
cifar10/test/deer/0766.png,7335
cifar10/test/deer/0821.png,8069
cifar10/test/deer/0835.png,8233
cifar10/test/deer/0809.png,7895
cifar10/test/deer/0148.png,1541
cifar10/test/deer/0606.png,5900
cifar10/test/deer/0160.png,1619
cifar10/test/deer/0174.png,1741
cifar10/test/deer/0612.png,5926
cifar10/test/deer/0389.png,3851
cifar10/test/deer/0438.png,4344
cifar10/test/deer/0404.png,4029
cifar10/test/deer/0410.png,4065
cifar10/test/deer/0376.png,3706
cifar10/test/deer/0411.png,4090
cifar10/test/deer/0377.png,3708
cifar10/test/deer/0363.png,3600
cifar10/test/deer/0405.png,4031
cifar10/test/deer/0439.png,4350
cifar10/test/deer/0175.png,1762
cifar10/test/deer/0613.png,5931
cifar10/test/deer/0607.png,5903
cifar10/test/deer/0161.png,1622
cifar10/test/deer/0149.png,1544
cifar10/test/deer/0808.png,7867
cifar10/test/deer/0834.png,8199
cifar10/test/deer/0001.png,22
cifar10/test/deer/0767.png,7341
cifar10/test/deer/0773.png,7397
cifar10/test/deer/0015.png,188
cifar10/test/deer/0983.png,9827
cifar10/test/deer/0997.png,9940
cifar10/test/deer/0029.png,370
cifar10/test/deer/0968.png,9668
cifar10/test/deer/0798.png,7740
cifar10/test/deer/0954.png,9536
cifar10/test/deer/0565.png,5539
cifar10/test/deer/0203.png,2032
cifar10/test/deer/0217.png,2213
cifar10/test/deer/0571.png,5602
cifar10/test/deer/0559.png,5495
cifar10/test/deer/0598.png,5863
cifar10/test/deer/0229.png,2371
cifar10/test/deer/0201.png,2025
cifar10/test/deer/0567.png,5557
cifar10/test/deer/0573.png,5634
cifar10/test/deer/0215.png,2208
cifar10/test/deer/0942.png,9417
cifar10/test/deer/0956.png,9547
cifar10/test/deer/0981.png,9795
cifar10/test/deer/0759.png,7308
cifar10/test/deer/0995.png,9934
cifar10/test/deer/0765.png,7328
cifar10/test/deer/0003.png,32
cifar10/test/deer/0017.png,223
cifar10/test/deer/0771.png,7383
cifar10/test/deer/0836.png,8243
cifar10/test/deer/0188.png,1910
cifar10/test/deer/0822.png,8071
cifar10/test/deer/0639.png,6154
cifar10/test/deer/0611.png,5924
cifar10/test/deer/0163.png,1628
cifar10/test/deer/0605.png,5897
cifar10/test/deer/0349.png,3484
cifar10/test/deer/0375.png,3697
cifar10/test/deer/0413.png,4111
cifar10/test/deer/0407.png,4047
cifar10/test/deer/0360.png,3576
cifar10/test/deer/0374.png,3696
cifar10/test/deer/0412.png,4099
cifar10/test/deer/0348.png,3478
cifar10/test/deer/0604.png,5888
cifar10/test/deer/0610.png,5919
cifar10/test/deer/0176.png,1765
cifar10/test/deer/0638.png,6153
cifar10/test/deer/0823.png,8080
cifar10/test/deer/0837.png,8244
cifar10/test/deer/0189.png,1911
cifar10/test/deer/0016.png,211
cifar10/test/deer/0770.png,7381
cifar10/test/deer/0764.png,7327
cifar10/test/deer/0002.png,26
cifar10/test/deer/0994.png,9925
cifar10/test/deer/0758.png,7306
cifar10/test/deer/0980.png,9780
cifar10/test/deer/0957.png,9549
cifar10/test/deer/0943.png,9429
cifar10/test/deer/0572.png,5633
cifar10/test/deer/0214.png,2195
cifar10/test/deer/0200.png,2015
cifar10/test/deer/0566.png,5555
cifar10/test/deer/0228.png,2367
cifar10/test/deer/0599.png,5866
cifar10/test/deer/0580.png,5658
cifar10/test/deer/0594.png,5829
cifar10/test/deer/0543.png,5296
cifar10/test/deer/0225.png,2329
cifar10/test/deer/0231.png,2386
cifar10/test/deer/0557.png,5417
cifar10/test/deer/0219.png,2218
cifar10/test/deer/0796.png,7730
cifar10/test/deer/0966.png,9627
cifar10/test/deer/0027.png,346
cifar10/test/deer/0999.png,9972
cifar10/test/deer/0741.png,7172
cifar10/test/deer/0755.png,7273
cifar10/test/deer/0033.png,427
cifar10/test/deer/0769.png,7365
cifar10/test/deer/0184.png,1827
cifar10/test/deer/0812.png,7918
cifar10/test/deer/0806.png,7848
cifar10/test/deer/0153.png,1554
cifar10/test/deer/0635.png,6108
cifar10/test/deer/0621.png,5985
cifar10/test/deer/0147.png,1537
cifar10/test/deer/0609.png,5912
cifar10/test/deer/0392.png,3910
cifar10/test/deer/0386.png,3809
cifar10/test/deer/0437.png,4322
cifar10/test/deer/0351.png,3503
cifar10/test/deer/0345.png,3443
cifar10/test/deer/0423.png,4184
cifar10/test/deer/0379.png,3744
cifar10/test/deer/0378.png,3712
cifar10/test/deer/0344.png,3439
cifar10/test/deer/0422.png,4173
cifar10/test/deer/0436.png,4310
cifar10/test/deer/0350.png,3498
cifar10/test/deer/0393.png,3914
cifar10/test/deer/0608.png,5906
cifar10/test/deer/0620.png,5983
cifar10/test/deer/0146.png,1535
cifar10/test/deer/0152.png,1553
cifar10/test/deer/0807.png,7857
cifar10/test/deer/0813.png,7921
cifar10/test/deer/0185.png,1836
cifar10/test/deer/0191.png,1928
cifar10/test/deer/0768.png,7344
cifar10/test/deer/0754.png,7264
cifar10/test/deer/0032.png,420
cifar10/test/deer/0026.png,328
cifar10/test/deer/0740.png,7143
cifar10/test/deer/0998.png,9962
cifar10/test/deer/0973.png,9711
cifar10/test/deer/0967.png,9659
cifar10/test/deer/0797.png,7735
cifar10/test/deer/0783.png,7520
cifar10/test/deer/0218.png,2214
cifar10/test/deer/0230.png,2385
cifar10/test/deer/0556.png,5415
cifar10/test/deer/0542.png,5292
cifar10/test/deer/0224.png,2283
cifar10/test/deer/0595.png,5838
cifar10/test/deer/0581.png,5661
cifar10/test/deer/0597.png,5854
cifar10/test/deer/0554.png,5407
cifar10/test/deer/0232.png,2403
cifar10/test/deer/0226.png,2348
cifar10/test/deer/0540.png,5288
cifar10/test/deer/0568.png,5562
cifar10/test/deer/0795.png,7726
cifar10/test/deer/0781.png,7490
cifar10/test/deer/0959.png,9574
cifar10/test/deer/0971.png,9701
cifar10/test/deer/0965.png,9620
cifar10/test/deer/0030.png,373
cifar10/test/deer/0756.png,7277
cifar10/test/deer/0024.png,314
cifar10/test/deer/0018.png,227
cifar10/test/deer/0187.png,1858
cifar10/test/deer/0839.png,8280
cifar10/test/deer/0193.png,1945
cifar10/test/deer/0805.png,7801
cifar10/test/deer/0811.png,7916
cifar10/test/deer/0144.png,1533
cifar10/test/deer/0622.png,5992
cifar10/test/deer/0636.png,6129
cifar10/test/deer/0150.png,1546
cifar10/test/deer/0178.png,1791
cifar10/test/deer/0385.png,3790
cifar10/test/deer/0391.png,3877
cifar10/test/deer/0420.png,4138
cifar10/test/deer/0352.png,3505
cifar10/test/deer/0434.png,4262
cifar10/test/deer/0408.png,4049
cifar10/test/deer/0409.png,4053
cifar10/test/deer/0353.png,3507
cifar10/test/deer/0435.png,4268
cifar10/test/deer/0421.png,4159
cifar10/test/deer/0347.png,3457
cifar10/test/deer/0390.png,3862
cifar10/test/deer/0384.png,3780
cifar10/test/deer/0179.png,1798
cifar10/test/deer/0637.png,6148
cifar10/test/deer/0145.png,1534
cifar10/test/deer/0623.png,5994
cifar10/test/deer/0810.png,7896
cifar10/test/deer/0804.png,7785
cifar10/test/deer/0192.png,1944
cifar10/test/deer/0186.png,1842
cifar10/test/deer/0838.png,8277
cifar10/test/deer/0019.png,236
cifar10/test/deer/0743.png,7197
cifar10/test/deer/0025.png,324
cifar10/test/deer/0757.png,7298
cifar10/test/deer/0964.png,9613
cifar10/test/deer/0970.png,9690
cifar10/test/deer/0958.png,9555
cifar10/test/deer/0780.png,7482
cifar10/test/deer/0794.png,7725
cifar10/test/deer/0569.png,5582
cifar10/test/deer/0227.png,2353
cifar10/test/deer/0541.png,5289
cifar10/test/deer/0555.png,5414
cifar10/test/deer/0233.png,2406
cifar10/test/deer/0582.png,5670
cifar10/test/deer/0596.png,5848
cifar10/test/deer/0592.png,5812
cifar10/test/deer/0586.png,5742
cifar10/test/deer/0237.png,2441
cifar10/test/deer/0551.png,5389
cifar10/test/deer/0545.png,5317
cifar10/test/deer/0223.png,2280
cifar10/test/deer/0974.png,9715
cifar10/test/deer/0960.png,9585
cifar10/test/deer/0790.png,7628
cifar10/test/deer/0948.png,9464
cifar10/test/deer/0784.png,7531
cifar10/test/deer/0009.png,110
cifar10/test/deer/0035.png,455
cifar10/test/deer/0021.png,267
cifar10/test/deer/0747.png,7238
cifar10/test/deer/0800.png,7763
cifar10/test/deer/0814.png,7956
cifar10/test/deer/0182.png,1801
cifar10/test/deer/0196.png,1971
cifar10/test/deer/0169.png,1696
cifar10/test/deer/0627.png,6016
cifar10/test/deer/0141.png,1523
cifar10/test/deer/0155.png,1570
cifar10/test/deer/0419.png,4137
cifar10/test/deer/0343.png,3436
cifar10/test/deer/0425.png,4200
cifar10/test/deer/0431.png,4227
cifar10/test/deer/0357.png,3526
cifar10/test/deer/0430.png,4220
cifar10/test/deer/0356.png,3523
cifar10/test/deer/0342.png,3433
cifar10/test/deer/0418.png,4132
cifar10/test/deer/0395.png,3935
cifar10/test/deer/0381.png,3757
cifar10/test/deer/0154.png,1558
cifar10/test/deer/0632.png,6056
cifar10/test/deer/0140.png,1522
cifar10/test/deer/0168.png,1693
cifar10/test/deer/0197.png,1986
cifar10/test/deer/0829.png,8153
cifar10/test/deer/0183.png,1821
cifar10/test/deer/0815.png,7957
cifar10/test/deer/0801.png,7766
cifar10/test/deer/0020.png,254
cifar10/test/deer/0746.png,7204
cifar10/test/deer/0752.png,7256
cifar10/test/deer/0034.png,441
cifar10/test/deer/0008.png,100
cifar10/test/deer/0949.png,9486
cifar10/test/deer/0961.png,9597
cifar10/test/deer/0222.png,2260
cifar10/test/deer/0236.png,2419
cifar10/test/deer/0587.png,5751
cifar10/test/deer/0593.png,5813
cifar10/test/deer/0585.png,5704
cifar10/test/deer/0208.png,2128
cifar10/test/deer/0220.png,2229
cifar10/test/deer/0552.png,5393
cifar10/test/deer/0963.png,9612
cifar10/test/deer/0977.png,9765
cifar10/test/deer/0787.png,7552
cifar10/test/deer/0778.png,7452
cifar10/test/deer/0022.png,278
cifar10/test/deer/0036.png,458
cifar10/test/deer/0988.png,9895
cifar10/test/deer/0750.png,7248
cifar10/test/deer/0817.png,8003
cifar10/test/deer/0803.png,7773
cifar10/test/deer/0195.png,1953
cifar10/test/deer/0181.png,1800
cifar10/test/deer/0618.png,5957
cifar10/test/deer/0630.png,6051
cifar10/test/deer/0156.png,1590
cifar10/test/deer/0142.png,1526
cifar10/test/deer/0624.png,5996
cifar10/test/deer/0397.png,3962
cifar10/test/deer/0383.png,3766
cifar10/test/deer/0368.png,3635
cifar10/test/deer/0354.png,3510
cifar10/test/deer/0432.png,4239
cifar10/test/deer/0426.png,4205
cifar10/test/deer/0340.png,3419
cifar10/test/deer/0427.png,4209
cifar10/test/deer/0341.png,3431
cifar10/test/deer/0355.png,3512
cifar10/test/deer/0433.png,4249
cifar10/test/deer/0369.png,3636
cifar10/test/deer/0382.png,3759
cifar10/test/deer/0396.png,3952
cifar10/test/deer/0143.png,1529
cifar10/test/deer/0625.png,6005
cifar10/test/deer/0631.png,6053
cifar10/test/deer/0157.png,1592
cifar10/test/deer/0619.png,5959
cifar10/test/deer/0180.png,1799
cifar10/test/deer/0194.png,1952
cifar10/test/deer/0802.png,7769
cifar10/test/deer/0037.png,463
cifar10/test/deer/0751.png,7253
cifar10/test/deer/0989.png,9896
cifar10/test/deer/0745.png,7201
cifar10/test/deer/0023.png,295
cifar10/test/deer/0779.png,7481
cifar10/test/deer/0792.png,7654
cifar10/test/deer/0786.png,7550
cifar10/test/deer/0976.png,9734
cifar10/test/deer/0962.png,9610
cifar10/test/deer/0553.png,5402
cifar10/test/deer/0235.png,2413
cifar10/test/deer/0221.png,2256
cifar10/test/deer/0547.png,5329
cifar10/test/deer/0209.png,2134
cifar10/test/deer/0584.png,5702
cifar10/test/deer/0285.png,2851
cifar10/test/deer/0246.png,2547
cifar10/test/deer/0252.png,2577
cifar10/test/deer/0508.png,5003
cifar10/test/deer/0939.png,9384
cifar10/test/deer/0087.png,954
cifar10/test/deer/0093.png,1049
cifar10/test/deer/0905.png,8928
cifar10/test/deer/0911.png,9035
cifar10/test/deer/0722.png,6992
cifar10/test/deer/0044.png,509
cifar10/test/deer/0050.png,587
cifar10/test/deer/0736.png,7132
cifar10/test/deer/0078.png,860
cifar10/test/deer/0695.png,6665
cifar10/test/deer/0859.png,8486
cifar10/test/deer/0681.png,6567
cifar10/test/deer/0871.png,8647
cifar10/test/deer/0656.png,6327
cifar10/test/deer/0130.png,1425
cifar10/test/deer/0124.png,1375
cifar10/test/deer/0642.png,6190
cifar10/test/deer/0118.png,1324
cifar10/test/deer/0497.png,4832
cifar10/test/deer/0483.png,4683
cifar10/test/deer/0332.png,3356
cifar10/test/deer/0454.png,4484
cifar10/test/deer/0440.png,4357
cifar10/test/deer/0326.png,3296
cifar10/test/deer/0468.png,4576
cifar10/test/deer/0469.png,4578
cifar10/test/deer/0327.png,3297
cifar10/test/deer/0333.png,3360
cifar10/test/deer/0496.png,4828
cifar10/test/deer/0119.png,1336
cifar10/test/deer/0125.png,1380
cifar10/test/deer/0643.png,6197
cifar10/test/deer/0657.png,6336
cifar10/test/deer/0131.png,1431
cifar10/test/deer/0864.png,8556
cifar10/test/deer/0870.png,8637
cifar10/test/deer/0680.png,6551
cifar10/test/deer/0858.png,8479
cifar10/test/deer/0694.png,6664
cifar10/test/deer/0079.png,872
cifar10/test/deer/0737.png,7134
cifar10/test/deer/0723.png,7029
cifar10/test/deer/0045.png,528
cifar10/test/deer/0910.png,9029
cifar10/test/deer/0904.png,8926
cifar10/test/deer/0092.png,1015
cifar10/test/deer/0938.png,9377
cifar10/test/deer/0086.png,943
cifar10/test/deer/0509.png,5004
cifar10/test/deer/0535.png,5252
cifar10/test/deer/0253.png,2581
cifar10/test/deer/0247.png,2550
cifar10/test/deer/0290.png,2917
cifar10/test/deer/0284.png,2844
cifar10/test/deer/0292.png,2933
cifar10/test/deer/0286.png,2858
cifar10/test/deer/0251.png,2567
cifar10/test/deer/0537.png,5266
cifar10/test/deer/0523.png,5177
cifar10/test/deer/0245.png,2545
cifar10/test/deer/0279.png,2805
cifar10/test/deer/0090.png,993
cifar10/test/deer/0084.png,913
cifar10/test/deer/0912.png,9036
cifar10/test/deer/0906.png,8944
cifar10/test/deer/0735.png,7109
cifar10/test/deer/0053.png,627
cifar10/test/deer/0047.png,557
cifar10/test/deer/0721.png,6988
cifar10/test/deer/0709.png,6866
cifar10/test/deer/0682.png,6572
cifar10/test/deer/0696.png,6673
cifar10/test/deer/0866.png,8574
cifar10/test/deer/0872.png,8651
cifar10/test/deer/0641.png,6171
cifar10/test/deer/0899.png,8899
cifar10/test/deer/0127.png,1401
cifar10/test/deer/0655.png,6322
cifar10/test/deer/0669.png,6454
cifar10/test/deer/0480.png,4675
cifar10/test/deer/0494.png,4798
cifar10/test/deer/0325.png,3292
cifar10/test/deer/0443.png,4377
cifar10/test/deer/0457.png,4505
cifar10/test/deer/0331.png,3346
cifar10/test/deer/0319.png,3240
cifar10/test/deer/0456.png,4493
cifar10/test/deer/0330.png,3326
cifar10/test/deer/0324.png,3284
cifar10/test/deer/0442.png,4368
cifar10/test/deer/0495.png,4821
cifar10/test/deer/0481.png,4677
cifar10/test/deer/0668.png,6452
cifar10/test/deer/0132.png,1441
cifar10/test/deer/0654.png,6308
cifar10/test/deer/0640.png,6161
cifar10/test/deer/0873.png,8659
cifar10/test/deer/0867.png,8599
cifar10/test/deer/0697.png,6682
cifar10/test/deer/0683.png,6582
cifar10/test/deer/0708.png,6855
cifar10/test/deer/0046.png,555
cifar10/test/deer/0720.png,6978
cifar10/test/deer/0734.png,7095
cifar10/test/deer/0907.png,8947
cifar10/test/deer/0913.png,9047
cifar10/test/deer/0085.png,930
cifar10/test/deer/0278.png,2800
cifar10/test/deer/0522.png,5172
cifar10/test/deer/0244.png,2523
cifar10/test/deer/0250.png,2562
cifar10/test/deer/0287.png,2869
cifar10/test/deer/0293.png,2961
cifar10/test/deer/0297.png,2990
cifar10/test/deer/0283.png,2835
cifar10/test/deer/0268.png,2699
cifar10/test/deer/0532.png,5237
cifar10/test/deer/0240.png,2500
cifar10/test/deer/0526.png,5187
cifar10/test/deer/0903.png,8914
cifar10/test/deer/0718.png,6943
cifar10/test/deer/0056.png,648
cifar10/test/deer/0730.png,7062
cifar10/test/deer/0042.png,503
cifar10/test/deer/0863.png,8540
cifar10/test/deer/0877.png,8695
cifar10/test/deer/0687.png,6622
cifar10/test/deer/0693.png,6661
cifar10/test/deer/0678.png,6521
cifar10/test/deer/0122.png,1350
cifar10/test/deer/0644.png,6204
cifar10/test/deer/0650.png,6250
cifar10/test/deer/0888.png,8817
cifar10/test/deer/0136.png,1484
cifar10/test/deer/0485.png,4693
cifar10/test/deer/0491.png,4757
cifar10/test/deer/0308.png,3090
cifar10/test/deer/0446.png,4399
cifar10/test/deer/0320.png,3242
cifar10/test/deer/0335.png,3364
cifar10/test/deer/0453.png,4473
cifar10/test/deer/0447.png,4402
cifar10/test/deer/0321.png,3252
cifar10/test/deer/0309.png,3095
cifar10/test/deer/0490.png,4734
cifar10/test/deer/0484.png,4685
cifar10/test/deer/0889.png,8823
cifar10/test/deer/0651.png,6254
cifar10/test/deer/0137.png,1491
cifar10/test/deer/0123.png,1364
cifar10/test/deer/0645.png,6210
cifar10/test/deer/0679.png,6531
cifar10/test/deer/0692.png,6654
cifar10/test/deer/0686.png,6617
cifar10/test/deer/0876.png,8671
cifar10/test/deer/0862.png,8500
cifar10/test/deer/0725.png,7039
cifar10/test/deer/0043.png,505
cifar10/test/deer/0057.png,658
cifar10/test/deer/0719.png,6967
cifar10/test/deer/0080.png,876
cifar10/test/deer/0902.png,8912
cifar10/test/deer/0916.png,9074
cifar10/test/deer/0241.png,2501
cifar10/test/deer/0527.png,5193
cifar10/test/deer/0533.png,5239
cifar10/test/deer/0255.png,2595
cifar10/test/deer/0282.png,2834
cifar10/test/deer/0296.png,2982
cifar10/test/deer/0280.png,2809
cifar10/test/deer/0519.png,5145
cifar10/test/deer/0525.png,5184
cifar10/test/deer/0243.png,2519
cifar10/test/deer/0257.png,2608
cifar10/test/deer/0531.png,5231
cifar10/test/deer/0900.png,8906
cifar10/test/deer/0914.png,9056
cifar10/test/deer/0082.png,889
cifar10/test/deer/0928.png,9165
cifar10/test/deer/0096.png,1086
cifar10/test/deer/0069.png,773
cifar10/test/deer/0041.png,500
cifar10/test/deer/0727.png,7044
cifar10/test/deer/0733.png,7094
cifar10/test/deer/0055.png,647
cifar10/test/deer/0874.png,8667
cifar10/test/deer/0860.png,8487
cifar10/test/deer/0848.png,8370
cifar10/test/deer/0690.png,6628
cifar10/test/deer/0684.png,6606
cifar10/test/deer/0109.png,1255
cifar10/test/deer/0135.png,1462
cifar10/test/deer/0653.png,6307
cifar10/test/deer/0647.png,6242
cifar10/test/deer/0121.png,1345
cifar10/test/deer/0492.png,4783
cifar10/test/deer/0486.png,4703
cifar10/test/deer/0479.png,4661
cifar10/test/deer/0337.png,3378
cifar10/test/deer/0445.png,4398
cifar10/test/deer/0322.png,3256
cifar10/test/deer/0444.png,4383
cifar10/test/deer/0450.png,4443
cifar10/test/deer/0336.png,3375
cifar10/test/deer/0478.png,4659
cifar10/test/deer/0487.png,4712
cifar10/test/deer/0493.png,4794
cifar10/test/deer/0646.png,6228
cifar10/test/deer/0134.png,1448
cifar10/test/deer/0652.png,6265
cifar10/test/deer/0108.png,1249
cifar10/test/deer/0685.png,6616
cifar10/test/deer/0691.png,6634
cifar10/test/deer/0849.png,8374
cifar10/test/deer/0861.png,8497
cifar10/test/deer/0875.png,8669
cifar10/test/deer/0732.png,7084
cifar10/test/deer/0054.png,628
cifar10/test/deer/0040.png,479
cifar10/test/deer/0726.png,7041
cifar10/test/deer/0068.png,769
cifar10/test/deer/0929.png,9173
cifar10/test/deer/0097.png,1105
cifar10/test/deer/0083.png,890
cifar10/test/deer/0915.png,9073
cifar10/test/deer/0901.png,8911
cifar10/test/deer/0256.png,2605
cifar10/test/deer/0524.png,5183
cifar10/test/deer/0242.png,2510
cifar10/test/deer/0518.png,5068
cifar10/test/deer/0295.png,2981
cifar10/test/deer/0281.png,2826
cifar10/test/dog/0267.png,2767
cifar10/test/dog/0501.png,5102
cifar10/test/dog/0515.png,5229
cifar10/test/dog/0273.png,2827
cifar10/test/dog/0529.png,5447
cifar10/test/dog/0918.png,9215
cifar10/test/dog/0924.png,9269
cifar10/test/dog/0930.png,9311
cifar10/test/dog/0065.png,631
cifar10/test/dog/0071.png,699
cifar10/test/dog/0717.png,7127
cifar10/test/dog/0059.png,551
cifar10/test/dog/0878.png,8749
cifar10/test/dog/0850.png,8399
cifar10/test/dog/0688.png,6837
cifar10/test/dog/0844.png,8316
cifar10/test/dog/0677.png,6723
cifar10/test/dog/0111.png,1308
cifar10/test/dog/0105.png,1239
cifar10/test/dog/0663.png,6592
cifar10/test/dog/0893.png,8904
cifar10/test/dog/0139.png,1598
cifar10/test/dog/0887.png,8847
cifar10/test/dog/0313.png,3235
cifar10/test/dog/0475.png,4915
cifar10/test/dog/0461.png,4795
cifar10/test/dog/0307.png,3192
cifar10/test/dog/0449.png,4631
cifar10/test/dog/0448.png,4628
cifar10/test/dog/0460.png,4777
cifar10/test/dog/0306.png,3178
cifar10/test/dog/0312.png,3221
cifar10/test/dog/0474.png,4907
cifar10/test/dog/0138.png,1588
cifar10/test/dog/0886.png,8844
cifar10/test/dog/0892.png,8901
cifar10/test/dog/0104.png,1235
cifar10/test/dog/0662.png,6591
cifar10/test/dog/0676.png,6711
cifar10/test/dog/0110.png,1290
cifar10/test/dog/0845.png,8317
cifar10/test/dog/0689.png,6862
cifar10/test/dog/0851.png,8410
cifar10/test/dog/0879.png,8752
cifar10/test/dog/0058.png,550
cifar10/test/dog/0070.png,679
cifar10/test/dog/0716.png,7125
cifar10/test/dog/0702.png,6945
cifar10/test/dog/0064.png,614
cifar10/test/dog/0925.png,9289
cifar10/test/dog/0919.png,9225
cifar10/test/dog/0528.png,5441
cifar10/test/dog/0514.png,5222
cifar10/test/dog/0272.png,2818
cifar10/test/dog/0266.png,2755
cifar10/test/dog/0500.png,5101
cifar10/test/dog/0299.png,3083
cifar10/test/dog/0270.png,2801
cifar10/test/dog/0264.png,2731
cifar10/test/dog/0258.png,2711
cifar10/test/dog/0099.png,1138
cifar10/test/dog/0714.png,7119
cifar10/test/dog/0072.png,729
cifar10/test/dog/0066.png,639
cifar10/test/dog/0700.png,6931
cifar10/test/dog/0728.png,7203
cifar10/test/dog/0847.png,8340
cifar10/test/dog/0853.png,8428
cifar10/test/dog/0660.png,6584
cifar10/test/dog/0106.png,1244
cifar10/test/dog/0112.png,1316
cifar10/test/dog/0674.png,6683
cifar10/test/dog/0884.png,8789
cifar10/test/dog/0648.png,6441
cifar10/test/dog/0890.png,8870
cifar10/test/dog/0489.png,5005
cifar10/test/dog/0462.png,4797
cifar10/test/dog/0476.png,4917
cifar10/test/dog/0338.png,3434
cifar10/test/dog/0477.png,4921
cifar10/test/dog/0311.png,3204
cifar10/test/dog/0305.png,3142
cifar10/test/dog/0463.png,4805
cifar10/test/dog/0891.png,8873
cifar10/test/dog/0649.png,6506
cifar10/test/dog/0885.png,8794
cifar10/test/dog/0113.png,1318
cifar10/test/dog/0675.png,6690
cifar10/test/dog/0661.png,6590
cifar10/test/dog/0107.png,1252
cifar10/test/dog/0852.png,8424
cifar10/test/dog/0846.png,8330
cifar10/test/dog/0729.png,7233
cifar10/test/dog/0067.png,640
cifar10/test/dog/0701.png,6944
cifar10/test/dog/0715.png,7124
cifar10/test/dog/0073.png,749
cifar10/test/dog/0098.png,1120
cifar10/test/dog/0926.png,9300
cifar10/test/dog/0932.png,9348
cifar10/test/dog/0259.png,2716
cifar10/test/dog/0503.png,5115
cifar10/test/dog/0265.png,2750
cifar10/test/dog/0517.png,5269
cifar10/test/dog/0249.png,2590
cifar10/test/dog/0513.png,5212
cifar10/test/dog/0275.png,2850
cifar10/test/dog/0261.png,2722
cifar10/test/dog/0507.png,5156
cifar10/test/dog/0088.png,1019
cifar10/test/dog/0936.png,9364
cifar10/test/dog/0922.png,9261
cifar10/test/dog/0739.png,7292
cifar10/test/dog/0077.png,817
cifar10/test/dog/0711.png,7085
cifar10/test/dog/0705.png,6979
cifar10/test/dog/0063.png,601
cifar10/test/dog/0842.png,8300
cifar10/test/dog/0659.png,6571
cifar10/test/dog/0881.png,8776
cifar10/test/dog/0895.png,8973
cifar10/test/dog/0103.png,1230
cifar10/test/dog/0665.png,6609
cifar10/test/dog/0671.png,6671
cifar10/test/dog/0117.png,1339
cifar10/test/dog/0498.png,5081
cifar10/test/dog/0329.png,3376
cifar10/test/dog/0467.png,4829
cifar10/test/dog/0301.png,3107
cifar10/test/dog/0315.png,3251
cifar10/test/dog/0314.png,3236
cifar10/test/dog/0472.png,4888
cifar10/test/dog/0466.png,4823
cifar10/test/dog/0300.png,3092
cifar10/test/dog/0328.png,3369
cifar10/test/dog/0499.png,5098
cifar10/test/dog/0670.png,6669
cifar10/test/dog/0116.png,1337
cifar10/test/dog/0102.png,1228
cifar10/test/dog/0664.png,6608
cifar10/test/dog/0894.png,8962
cifar10/test/dog/0880.png,8766
cifar10/test/dog/0658.png,6564
cifar10/test/dog/0857.png,8444
cifar10/test/dog/0843.png,8301
cifar10/test/dog/0704.png,6964
cifar10/test/dog/0062.png,598
cifar10/test/dog/0076.png,810
cifar10/test/dog/0738.png,7287
cifar10/test/dog/0923.png,9264
cifar10/test/dog/0089.png,1025
cifar10/test/dog/0937.png,9369
cifar10/test/dog/0260.png,2718
cifar10/test/dog/0506.png,5134
cifar10/test/dog/0512.png,5210
cifar10/test/dog/0274.png,2845
cifar10/test/dog/0248.png,2582
cifar10/test/dog/0289.png,2989
cifar10/test/dog/0538.png,5504
cifar10/test/dog/0504.png,5119
cifar10/test/dog/0262.png,2726
cifar10/test/dog/0276.png,2860
cifar10/test/dog/0510.png,5179
cifar10/test/dog/0921.png,9260
cifar10/test/dog/0935.png,9363
cifar10/test/dog/0909.png,9107
cifar10/test/dog/0048.png,488
cifar10/test/dog/0706.png,6986
cifar10/test/dog/0712.png,7111
cifar10/test/dog/0074.png,768
cifar10/test/dog/0855.png,8436
cifar10/test/dog/0841.png,8296
cifar10/test/dog/0699.png,6929
cifar10/test/dog/0869.png,8625
cifar10/test/dog/0128.png,1527
cifar10/test/dog/0896.png,8979
cifar10/test/dog/0882.png,8782
cifar10/test/dog/0114.png,1328
cifar10/test/dog/0672.png,6674
cifar10/test/dog/0100.png,1193
cifar10/test/dog/0458.png,4747
cifar10/test/dog/0470.png,4860
cifar10/test/dog/0316.png,3255
cifar10/test/dog/0302.png,3115
cifar10/test/dog/0464.png,4810
cifar10/test/dog/0303.png,3132
cifar10/test/dog/0465.png,4819
cifar10/test/dog/0471.png,4887
cifar10/test/dog/0317.png,3264
cifar10/test/dog/0459.png,4764
cifar10/test/dog/0667.png,6627
cifar10/test/dog/0101.png,1214
cifar10/test/dog/0115.png,1329
cifar10/test/dog/0883.png,8788
cifar10/test/dog/0129.png,1536
cifar10/test/dog/0868.png,8619
cifar10/test/dog/0698.png,6927
cifar10/test/dog/0840.png,8289
cifar10/test/dog/0854.png,8432
cifar10/test/dog/0713.png,7118
cifar10/test/dog/0075.png,779
cifar10/test/dog/0061.png,579
cifar10/test/dog/0707.png,6993
cifar10/test/dog/0049.png,502
cifar10/test/dog/0908.png,9098
cifar10/test/dog/0934.png,9360
cifar10/test/dog/0920.png,9257
cifar10/test/dog/0277.png,2861
cifar10/test/dog/0511.png,5186
cifar10/test/dog/0505.png,5130
cifar10/test/dog/0263.png,2729
cifar10/test/dog/0288.png,2988
cifar10/test/dog/0562.png,5673
cifar10/test/dog/0204.png,2106
cifar10/test/dog/0210.png,2168
cifar10/test/dog/0576.png,5808
cifar10/test/dog/0238.png,2459
cifar10/test/dog/0947.png,9446
cifar10/test/dog/0953.png,9551
cifar10/test/dog/0006.png,39
cifar10/test/dog/0760.png,7439
cifar10/test/dog/0774.png,7608
cifar10/test/dog/0984.png,9838
cifar10/test/dog/0990.png,9892
cifar10/test/dog/0827.png,8172
cifar10/test/dog/0199.png,2056
cifar10/test/dog/0172.png,1862
cifar10/test/dog/0614.png,6116
cifar10/test/dog/0600.png,6014
cifar10/test/dog/0166.png,1812
cifar10/test/dog/0628.png,6224
cifar10/test/dog/0416.png,4259
cifar10/test/dog/0364.png,3726
cifar10/test/dog/0402.png,4139
cifar10/test/dog/0358.png,3667
cifar10/test/dog/0359.png,3669
cifar10/test/dog/0403.png,4140
cifar10/test/dog/0417.png,4273
cifar10/test/dog/0371.png,3804
cifar10/test/dog/0629.png,6226
cifar10/test/dog/0167.png,1818
cifar10/test/dog/0173.png,1863
cifar10/test/dog/0615.png,6120
cifar10/test/dog/0826.png,8170
cifar10/test/dog/0198.png,2055
cifar10/test/dog/0832.png,8211
cifar10/test/dog/0749.png,7368
cifar10/test/dog/0991.png,9918
cifar10/test/dog/0985.png,9844
cifar10/test/dog/0775.png,7615
cifar10/test/dog/0013.png,155
cifar10/test/dog/0946.png,9443
cifar10/test/dog/0239.png,2472
cifar10/test/dog/0211.png,2172
cifar10/test/dog/0577.png,5810
cifar10/test/dog/0563.png,5682
cifar10/test/dog/0205.png,2115
cifar10/test/dog/0588.png,5867
cifar10/test/dog/0575.png,5797
cifar10/test/dog/0207.png,2154
cifar10/test/dog/0561.png,5653
cifar10/test/dog/0549.png,5603
cifar10/test/dog/0978.png,9774
cifar10/test/dog/0788.png,7741
cifar10/test/dog/0950.png,9514
cifar10/test/dog/0944.png,9414
cifar10/test/dog/0011.png,141
cifar10/test/dog/0777.png,7620
cifar10/test/dog/0763.png,7474
cifar10/test/dog/0005.png,33
cifar10/test/dog/0993.png,9928
cifar10/test/dog/0987.png,9856
cifar10/test/dog/0039.png,437
cifar10/test/dog/0818.png,8084
cifar10/test/dog/0824.png,8147
cifar10/test/dog/0830.png,8192
cifar10/test/dog/0603.png,6031
cifar10/test/dog/0617.png,6127
cifar10/test/dog/0171.png,1857
cifar10/test/dog/0398.png,4087
cifar10/test/dog/0401.png,4121
cifar10/test/dog/0367.png,3774
cifar10/test/dog/0373.png,3808
cifar10/test/dog/0415.png,4247
cifar10/test/dog/0429.png,4411
cifar10/test/dog/0428.png,4406
cifar10/test/dog/0372.png,3806
cifar10/test/dog/0414.png,4246
cifar10/test/dog/0400.png,4109
cifar10/test/dog/0366.png,3748
cifar10/test/dog/0399.png,4089
cifar10/test/dog/0158.png,1752
cifar10/test/dog/0616.png,6122
cifar10/test/dog/0170.png,1855
cifar10/test/dog/0164.png,1804
cifar10/test/dog/0602.png,6023
cifar10/test/dog/0831.png,8202
cifar10/test/dog/0825.png,8161
cifar10/test/dog/0819.png,8108
cifar10/test/dog/0986.png,9853
cifar10/test/dog/0038.png,431
cifar10/test/dog/0992.png,9922
cifar10/test/dog/0762.png,7460
cifar10/test/dog/0004.png,31
cifar10/test/dog/0010.png,128
cifar10/test/dog/0776.png,7619
cifar10/test/dog/0945.png,9420
cifar10/test/dog/0951.png,9523
cifar10/test/dog/0789.png,7756
cifar10/test/dog/0548.png,5591
cifar10/test/dog/0206.png,2151
cifar10/test/dog/0560.png,5650
cifar10/test/dog/0574.png,5796
cifar10/test/dog/0212.png,2187
cifar10/test/dog/0558.png,5645
cifar10/test/dog/0216.png,2236
cifar10/test/dog/0570.png,5745
cifar10/test/dog/0564.png,5692
cifar10/test/dog/0202.png,2061
cifar10/test/dog/0799.png,7828
cifar10/test/dog/0941.png,9396
cifar10/test/dog/0969.png,9657
cifar10/test/dog/0996.png,9976
cifar10/test/dog/0028.png,275
cifar10/test/dog/0982.png,9823
cifar10/test/dog/0772.png,7557
cifar10/test/dog/0835.png,8242
cifar10/test/dog/0809.png,7972
cifar10/test/dog/0148.png,1675
cifar10/test/dog/0606.png,6043
cifar10/test/dog/0160.png,1764
cifar10/test/dog/0174.png,1872
cifar10/test/dog/0612.png,6094
cifar10/test/dog/0389.png,4005
cifar10/test/dog/0438.png,4530
cifar10/test/dog/0362.png,3709
cifar10/test/dog/0404.png,4143
cifar10/test/dog/0410.png,4225
cifar10/test/dog/0377.png,3849
cifar10/test/dog/0363.png,3719
cifar10/test/dog/0439.png,4551
cifar10/test/dog/0388.png,3981
cifar10/test/dog/0175.png,1885
cifar10/test/dog/0613.png,6097
cifar10/test/dog/0607.png,6064
cifar10/test/dog/0161.png,1773
cifar10/test/dog/0808.png,7971
cifar10/test/dog/0834.png,8236
cifar10/test/dog/0001.png,12
cifar10/test/dog/0767.png,7529
cifar10/test/dog/0773.png,7582
cifar10/test/dog/0015.png,168
cifar10/test/dog/0983.png,9829
cifar10/test/dog/0997.png,9977
cifar10/test/dog/0029.png,318
cifar10/test/dog/0968.png,9654
cifar10/test/dog/0940.png,9394
cifar10/test/dog/0798.png,7820
cifar10/test/dog/0954.png,9557
cifar10/test/dog/0565.png,5694
cifar10/test/dog/0203.png,2094
cifar10/test/dog/0571.png,5749
cifar10/test/dog/0559.png,5647
cifar10/test/dog/0229.png,2342
cifar10/test/dog/0201.png,2060
cifar10/test/dog/0567.png,5724
cifar10/test/dog/0573.png,5776
cifar10/test/dog/0215.png,2219
cifar10/test/dog/0942.png,9406
cifar10/test/dog/0956.png,9582
cifar10/test/dog/0981.png,9815
cifar10/test/dog/0995.png,9952
cifar10/test/dog/0765.png,7493
cifar10/test/dog/0003.png,24
cifar10/test/dog/0017.png,181
cifar10/test/dog/0771.png,7545
cifar10/test/dog/0836.png,8263
cifar10/test/dog/0188.png,2005
cifar10/test/dog/0822.png,8115
cifar10/test/dog/0639.png,6332
cifar10/test/dog/0611.png,6092
cifar10/test/dog/0177.png,1908
cifar10/test/dog/0163.png,1793
cifar10/test/dog/0605.png,6037
cifar10/test/dog/0349.png,3546
cifar10/test/dog/0375.png,3831
cifar10/test/dog/0413.png,4241
cifar10/test/dog/0407.png,4172
cifar10/test/dog/0361.png,3704
cifar10/test/dog/0406.png,4160
cifar10/test/dog/0360.png,3688
cifar10/test/dog/0374.png,3830
cifar10/test/dog/0412.png,4238
cifar10/test/dog/0348.png,3535
cifar10/test/dog/0162.png,1774
cifar10/test/dog/0610.png,6072
cifar10/test/dog/0176.png,1901
cifar10/test/dog/0638.png,6310
cifar10/test/dog/0823.png,8140
cifar10/test/dog/0837.png,8266
cifar10/test/dog/0189.png,2012
cifar10/test/dog/0016.png,178
cifar10/test/dog/0770.png,7540
cifar10/test/dog/0764.png,7476
cifar10/test/dog/0002.png,16
cifar10/test/dog/0758.png,7433
cifar10/test/dog/0980.png,9804
cifar10/test/dog/0957.png,9586
cifar10/test/dog/0943.png,9410
cifar10/test/dog/0572.png,5774
cifar10/test/dog/0214.png,2205
cifar10/test/dog/0200.png,2057
cifar10/test/dog/0228.png,2335
cifar10/test/dog/0599.png,5984
cifar10/test/dog/0594.png,5955
cifar10/test/dog/0543.png,5552
cifar10/test/dog/0225.png,2316
cifar10/test/dog/0231.png,2372
cifar10/test/dog/0557.png,5643
cifar10/test/dog/0219.png,2273
cifar10/test/dog/0782.png,7673
cifar10/test/dog/0796.png,7798
cifar10/test/dog/0966.png,9649
cifar10/test/dog/0972.png,9712
cifar10/test/dog/0027.png,262
cifar10/test/dog/0999.png,9993
cifar10/test/dog/0741.png,7295
cifar10/test/dog/0755.png,7411
cifar10/test/dog/0033.png,343
cifar10/test/dog/0769.png,7539
cifar10/test/dog/0190.png,2017
cifar10/test/dog/0184.png,1988
cifar10/test/dog/0812.png,8009
cifar10/test/dog/0621.png,6178
cifar10/test/dog/0147.png,1657
cifar10/test/dog/0609.png,6068
cifar10/test/dog/0392.png,4051
cifar10/test/dog/0386.png,3954
cifar10/test/dog/0437.png,4528
cifar10/test/dog/0351.png,3571
cifar10/test/dog/0345.png,3518
cifar10/test/dog/0423.png,4343
cifar10/test/dog/0379.png,3878
cifar10/test/dog/0378.png,3868
cifar10/test/dog/0344.png,3496
cifar10/test/dog/0422.png,4323
cifar10/test/dog/0436.png,4507
cifar10/test/dog/0350.png,3558
cifar10/test/dog/0387.png,3959
cifar10/test/dog/0393.png,4052
cifar10/test/dog/0620.png,6169
cifar10/test/dog/0146.png,1650
cifar10/test/dog/0152.png,1701
cifar10/test/dog/0634.png,6268
cifar10/test/dog/0807.png,7959
cifar10/test/dog/0813.png,8025
cifar10/test/dog/0185.png,1999
cifar10/test/dog/0191.png,2022
cifar10/test/dog/0768.png,7538
cifar10/test/dog/0754.png,7398
cifar10/test/dog/0032.png,327
cifar10/test/dog/0740.png,7294
cifar10/test/dog/0998.png,9985
cifar10/test/dog/0973.png,9737
cifar10/test/dog/0967.png,9652
cifar10/test/dog/0797.png,7804
cifar10/test/dog/0783.png,7697
cifar10/test/dog/0218.png,2259
cifar10/test/dog/0556.png,5642
cifar10/test/dog/0542.png,5550
cifar10/test/dog/0224.png,2292
cifar10/test/dog/0595.png,5969
cifar10/test/dog/0581.png,5828
cifar10/test/dog/0597.png,5978
cifar10/test/dog/0583.png,5834
cifar10/test/dog/0554.png,5617
cifar10/test/dog/0232.png,2381
cifar10/test/dog/0226.png,2317
cifar10/test/dog/0540.png,5540
cifar10/test/dog/0568.png,5725
cifar10/test/dog/0795.png,7795
cifar10/test/dog/0781.png,7671
cifar10/test/dog/0959.png,9596
cifar10/test/dog/0971.png,9707
cifar10/test/dog/0965.png,9646
cifar10/test/dog/0030.png,319
cifar10/test/dog/0756.png,7421
cifar10/test/dog/0742.png,7330
cifar10/test/dog/0024.png,238
cifar10/test/dog/0018.png,190
cifar10/test/dog/0187.png,2003
cifar10/test/dog/0193.png,2026
cifar10/test/dog/0805.png,7941
cifar10/test/dog/0811.png,7985
cifar10/test/dog/0144.png,1642
cifar10/test/dog/0622.png,6183
cifar10/test/dog/0636.png,6287
cifar10/test/dog/0150.png,1698
cifar10/test/dog/0178.png,1922
cifar10/test/dog/0385.png,3949
cifar10/test/dog/0391.png,4048
cifar10/test/dog/0420.png,4312
cifar10/test/dog/0346.png,3524
cifar10/test/dog/0352.png,3574
cifar10/test/dog/0434.png,4471
cifar10/test/dog/0408.png,4182
cifar10/test/dog/0409.png,4224
cifar10/test/dog/0435.png,4501
cifar10/test/dog/0421.png,4321
cifar10/test/dog/0347.png,3532
cifar10/test/dog/0390.png,4017
cifar10/test/dog/0384.png,3945
cifar10/test/dog/0179.png,1940
cifar10/test/dog/0637.png,6297
cifar10/test/dog/0151.png,1700
cifar10/test/dog/0145.png,1649
cifar10/test/dog/0623.png,6185
cifar10/test/dog/0810.png,7981
cifar10/test/dog/0192.png,2023
cifar10/test/dog/0186.png,2001
cifar10/test/dog/0019.png,200
cifar10/test/dog/0743.png,7331
cifar10/test/dog/0025.png,239
cifar10/test/dog/0031.png,321
cifar10/test/dog/0757.png,7429
cifar10/test/dog/0964.png,9640
cifar10/test/dog/0970.png,9661
cifar10/test/dog/0958.png,9589
cifar10/test/dog/0780.png,7668
cifar10/test/dog/0794.png,7794
cifar10/test/dog/0569.png,5730
cifar10/test/dog/0227.png,2320
cifar10/test/dog/0541.png,5549
cifar10/test/dog/0555.png,5625
cifar10/test/dog/0233.png,2384
cifar10/test/dog/0582.png,5830
cifar10/test/dog/0596.png,5976
cifar10/test/dog/0592.png,5930
cifar10/test/dog/0586.png,5849
cifar10/test/dog/0579.png,5820
cifar10/test/dog/0237.png,2427
cifar10/test/dog/0551.png,5611
cifar10/test/dog/0545.png,5570
cifar10/test/dog/0223.png,2291
cifar10/test/dog/0974.png,9741
cifar10/test/dog/0960.png,9605
cifar10/test/dog/0790.png,7776
cifar10/test/dog/0948.png,9465
cifar10/test/dog/0784.png,7712
cifar10/test/dog/0035.png,361
cifar10/test/dog/0021.png,212
cifar10/test/dog/0800.png,7834
cifar10/test/dog/0814.png,8045
cifar10/test/dog/0182.png,1976
cifar10/test/dog/0196.png,2047
cifar10/test/dog/0828.png,8173
cifar10/test/dog/0169.png,1854
cifar10/test/dog/0627.png,6216
cifar10/test/dog/0141.png,1620
cifar10/test/dog/0155.png,1736
cifar10/test/dog/0633.png,6259
cifar10/test/dog/0394.png,4061
cifar10/test/dog/0419.png,4303
cifar10/test/dog/0343.png,3487
cifar10/test/dog/0425.png,4390
cifar10/test/dog/0431.png,4433
cifar10/test/dog/0357.png,3666
cifar10/test/dog/0430.png,4420
cifar10/test/dog/0356.png,3623
cifar10/test/dog/0342.png,3466
cifar10/test/dog/0424.png,4358
cifar10/test/dog/0418.png,4275
cifar10/test/dog/0395.png,4069
cifar10/test/dog/0381.png,3909
cifar10/test/dog/0154.png,1731
cifar10/test/dog/0168.png,1847
cifar10/test/dog/0197.png,2051
cifar10/test/dog/0183.png,1977
cifar10/test/dog/0815.png,8070
cifar10/test/dog/0801.png,7842
cifar10/test/dog/0746.png,7338
cifar10/test/dog/0752.png,7386
cifar10/test/dog/0008.png,85
cifar10/test/dog/0785.png,7713
cifar10/test/dog/0949.png,9477
cifar10/test/dog/0791.png,7779
cifar10/test/dog/0961.png,9616
cifar10/test/dog/0975.png,9756
cifar10/test/dog/0544.png,5553
cifar10/test/dog/0222.png,2288
cifar10/test/dog/0236.png,2414
cifar10/test/dog/0550.png,5609
cifar10/test/dog/0587.png,5853
cifar10/test/dog/0593.png,5947
cifar10/test/dog/0585.png,5846
cifar10/test/dog/0208.png,2161
cifar10/test/dog/0220.png,2277
cifar10/test/dog/0546.png,5576
cifar10/test/dog/0552.png,5613
cifar10/test/dog/0234.png,2392
cifar10/test/dog/0963.png,9637
cifar10/test/dog/0787.png,7720
cifar10/test/dog/0793.png,7787
cifar10/test/dog/0778.png,7636
cifar10/test/dog/0744.png,7334
cifar10/test/dog/0022.png,230
cifar10/test/dog/0036.png,389
cifar10/test/dog/0988.png,9878
cifar10/test/dog/0750.png,7369
cifar10/test/dog/0817.png,8082
cifar10/test/dog/0803.png,7887
cifar10/test/dog/0181.png,1950
cifar10/test/dog/0618.png,6142
cifar10/test/dog/0630.png,6249
cifar10/test/dog/0156.png,1738
cifar10/test/dog/0142.png,1636
cifar10/test/dog/0624.png,6199
cifar10/test/dog/0397.png,4078
cifar10/test/dog/0383.png,3931
cifar10/test/dog/0368.png,3784
cifar10/test/dog/0354.png,3613
cifar10/test/dog/0426.png,4392
cifar10/test/dog/0340.png,3452
cifar10/test/dog/0427.png,4394
cifar10/test/dog/0341.png,3458
cifar10/test/dog/0355.png,3622
cifar10/test/dog/0433.png,4469
cifar10/test/dog/0369.png,3796
cifar10/test/dog/0382.png,3924
cifar10/test/dog/0396.png,4072
cifar10/test/dog/0625.png,6206
cifar10/test/dog/0631.png,6253
cifar10/test/dog/0157.png,1745
cifar10/test/dog/0619.png,6165
cifar10/test/dog/0180.png,1948
cifar10/test/dog/0194.png,2036
cifar10/test/dog/0802.png,7852
cifar10/test/dog/0816.png,8079
cifar10/test/dog/0037.png,421
cifar10/test/dog/0751.png,7372
cifar10/test/dog/0989.png,9887
cifar10/test/dog/0745.png,7336
cifar10/test/dog/0023.png,232
cifar10/test/dog/0779.png,7662
cifar10/test/dog/0792.png,7781
cifar10/test/dog/0786.png,7716
cifar10/test/dog/0976.png,9759
cifar10/test/dog/0962.png,9622
cifar10/test/dog/0553.png,5615
cifar10/test/dog/0235.png,2397
cifar10/test/dog/0221.png,2281
cifar10/test/dog/0547.png,5580
cifar10/test/dog/0590.png,5907
cifar10/test/dog/0285.png,2969
cifar10/test/dog/0291.png,3000
cifar10/test/dog/0246.png,2573
cifar10/test/dog/0534.png,5468
cifar10/test/dog/0252.png,2650
cifar10/test/dog/0508.png,5163
cifar10/test/dog/0939.png,9380
cifar10/test/dog/0087.png,1000
cifar10/test/dog/0093.png,1055
cifar10/test/dog/0905.png,9058
cifar10/test/dog/0911.png,9138
cifar10/test/dog/0044.png,474
cifar10/test/dog/0050.png,510
cifar10/test/dog/0736.png,7278
cifar10/test/dog/0078.png,828
cifar10/test/dog/0695.png,6904
cifar10/test/dog/0859.png,8458
cifar10/test/dog/0681.png,6761
cifar10/test/dog/0871.png,8664
cifar10/test/dog/0865.png,8589
cifar10/test/dog/0656.png,6554
cifar10/test/dog/0130.png,1542
cifar10/test/dog/0124.png,1438
cifar10/test/dog/0642.png,6385
cifar10/test/dog/0118.png,1355
cifar10/test/dog/0483.png,4956
cifar10/test/dog/0332.png,3393
cifar10/test/dog/0454.png,4699
cifar10/test/dog/0440.png,4552
cifar10/test/dog/0326.png,3334
cifar10/test/dog/0468.png,4844
cifar10/test/dog/0469.png,4849
cifar10/test/dog/0441.png,4555
cifar10/test/dog/0327.png,3355
cifar10/test/dog/0333.png,3404
cifar10/test/dog/0455.png,4724
cifar10/test/dog/0496.png,5064
cifar10/test/dog/0119.png,1362
cifar10/test/dog/0125.png,1453
cifar10/test/dog/0643.png,6386
cifar10/test/dog/0657.png,6562
cifar10/test/dog/0131.png,1543
cifar10/test/dog/0864.png,8555
cifar10/test/dog/0870.png,8630
cifar10/test/dog/0680.png,6760
cifar10/test/dog/0858.png,8451
cifar10/test/dog/0694.png,6890
cifar10/test/dog/0051.png,514
cifar10/test/dog/0737.png,7279
cifar10/test/dog/0723.png,7160
cifar10/test/dog/0045.png,478
cifar10/test/dog/0904.png,9053
cifar10/test/dog/0092.png,1045
cifar10/test/dog/0938.png,9376
cifar10/test/dog/0086.png,991
cifar10/test/dog/0535.png,5469
cifar10/test/dog/0253.png,2651
cifar10/test/dog/0247.png,2575
cifar10/test/dog/0521.png,5312
cifar10/test/dog/0290.png,2998
cifar10/test/dog/0284.png,2948
cifar10/test/dog/0292.png,3006
cifar10/test/dog/0286.png,2970
cifar10/test/dog/0251.png,2618
cifar10/test/dog/0537.png,5482
cifar10/test/dog/0245.png,2538
cifar10/test/dog/0279.png,2885
cifar10/test/dog/0090.png,1041
cifar10/test/dog/0912.png,9146
cifar10/test/dog/0906.png,9084
cifar10/test/dog/0053.png,520
cifar10/test/dog/0047.png,484
cifar10/test/dog/0721.png,7149
cifar10/test/dog/0709.png,7064
cifar10/test/dog/0682.png,6764
cifar10/test/dog/0696.png,6920
cifar10/test/dog/0866.png,8597
cifar10/test/dog/0872.png,8682
cifar10/test/dog/0641.png,6378
cifar10/test/dog/0899.png,9005
cifar10/test/dog/0127.png,1506
cifar10/test/dog/0133.png,1559
cifar10/test/dog/0655.png,6537
cifar10/test/dog/0669.png,6646
cifar10/test/dog/0480.png,4935
cifar10/test/dog/0494.png,5047
cifar10/test/dog/0325.png,3323
cifar10/test/dog/0443.png,4593
cifar10/test/dog/0457.png,4740
cifar10/test/dog/0331.png,3381
cifar10/test/dog/0319.png,3271
cifar10/test/dog/0318.png,3268
cifar10/test/dog/0456.png,4738
cifar10/test/dog/0330.png,3379
cifar10/test/dog/0324.png,3306
cifar10/test/dog/0442.png,4587
cifar10/test/dog/0495.png,5062
cifar10/test/dog/0481.png,4942
cifar10/test/dog/0132.png,1548
cifar10/test/dog/0654.png,6535
cifar10/test/dog/0898.png,8997
cifar10/test/dog/0640.png,6344
cifar10/test/dog/0126.png,1498
cifar10/test/dog/0873.png,8692
cifar10/test/dog/0867.png,8618
cifar10/test/dog/0697.png,6924
cifar10/test/dog/0683.png,6771
cifar10/test/dog/0708.png,7027
cifar10/test/dog/0046.png,483
cifar10/test/dog/0720.png,7147
cifar10/test/dog/0734.png,7265
cifar10/test/dog/0052.png,518
cifar10/test/dog/0907.png,9095
cifar10/test/dog/0913.png,9155
cifar10/test/dog/0085.png,937
cifar10/test/dog/0091.png,1042
cifar10/test/dog/0278.png,2864
cifar10/test/dog/0522.png,5337
cifar10/test/dog/0244.png,2536
cifar10/test/dog/0250.png,2609
cifar10/test/dog/0536.png,5473
cifar10/test/dog/0287.png,2983
cifar10/test/dog/0293.png,3017
cifar10/test/dog/0297.png,3045
cifar10/test/dog/0283.png,2942
cifar10/test/dog/0532.png,5463
cifar10/test/dog/0240.png,2479
cifar10/test/dog/0526.png,5377
cifar10/test/dog/0917.png,9188
cifar10/test/dog/0903.png,9050
cifar10/test/dog/0095.png,1097
cifar10/test/dog/0081.png,903
cifar10/test/dog/0718.png,7137
cifar10/test/dog/0730.png,7241
cifar10/test/dog/0724.png,7161
cifar10/test/dog/0042.png,457
cifar10/test/dog/0863.png,8505
cifar10/test/dog/0877.png,8745
cifar10/test/dog/0687.png,6835
cifar10/test/dog/0693.png,6889
cifar10/test/dog/0678.png,6733
cifar10/test/dog/0644.png,6389
cifar10/test/dog/0650.png,6513
cifar10/test/dog/0888.png,8863
cifar10/test/dog/0136.png,1577
cifar10/test/dog/0485.png,4966
cifar10/test/dog/0491.png,5035
cifar10/test/dog/0308.png,3195
cifar10/test/dog/0446.png,4624
cifar10/test/dog/0320.png,3275
cifar10/test/dog/0334.png,3411
cifar10/test/dog/0452.png,4696
cifar10/test/dog/0335.png,3420
cifar10/test/dog/0453.png,4697
cifar10/test/dog/0447.png,4626
cifar10/test/dog/0321.png,3287
cifar10/test/dog/0309.png,3200
cifar10/test/dog/0490.png,5025
cifar10/test/dog/0484.png,4964
cifar10/test/dog/0889.png,8869
cifar10/test/dog/0651.png,6527
cifar10/test/dog/0137.png,1586
cifar10/test/dog/0123.png,1400
cifar10/test/dog/0645.png,6397
cifar10/test/dog/0679.png,6756
cifar10/test/dog/0692.png,6878
cifar10/test/dog/0686.png,6823
cifar10/test/dog/0876.png,8729
cifar10/test/dog/0862.png,8478
cifar10/test/dog/0725.png,7162
cifar10/test/dog/0043.png,460
cifar10/test/dog/0057.png,549
cifar10/test/dog/0731.png,7244
cifar10/test/dog/0719.png,7141
cifar10/test/dog/0080.png,899
cifar10/test/dog/0094.png,1084
cifar10/test/dog/0902.png,9041
cifar10/test/dog/0916.png,9180
cifar10/test/dog/0241.png,2487
cifar10/test/dog/0527.png,5426
cifar10/test/dog/0533.png,5467
cifar10/test/dog/0255.png,2683
cifar10/test/dog/0269.png,2777
cifar10/test/dog/0282.png,2936
cifar10/test/dog/0296.png,3026
cifar10/test/dog/0280.png,2890
cifar10/test/dog/0294.png,3018
cifar10/test/dog/0525.png,5376
cifar10/test/dog/0257.png,2689
cifar10/test/dog/0531.png,5459
cifar10/test/dog/0900.png,9025
cifar10/test/dog/0914.png,9160
cifar10/test/dog/0082.png,910
cifar10/test/dog/0928.png,9305
cifar10/test/dog/0096.png,1116
cifar10/test/dog/0069.png,652
cifar10/test/dog/0041.png,446
cifar10/test/dog/0727.png,7184
cifar10/test/dog/0733.png,7263
cifar10/test/dog/0055.png,533
cifar10/test/dog/0874.png,8697
cifar10/test/dog/0860.png,8469
cifar10/test/dog/0848.png,8352
cifar10/test/dog/0690.png,6869
cifar10/test/dog/0109.png,1283
cifar10/test/dog/0135.png,1571
cifar10/test/dog/0653.png,6532
cifar10/test/dog/0647.png,6428
cifar10/test/dog/0121.png,1388
cifar10/test/dog/0492.png,5044
cifar10/test/dog/0486.png,4976
cifar10/test/dog/0479.png,4934
cifar10/test/dog/0451.png,4641
cifar10/test/dog/0337.png,3432
cifar10/test/dog/0323.png,3291
cifar10/test/dog/0445.png,4623
cifar10/test/dog/0322.png,3290
cifar10/test/dog/0444.png,4615
cifar10/test/dog/0450.png,4632
cifar10/test/dog/0336.png,3424
cifar10/test/dog/1000.png,9997
cifar10/test/dog/0478.png,4925
cifar10/test/dog/0487.png,4988
cifar10/test/dog/0493.png,5046
cifar10/test/dog/0646.png,6423
cifar10/test/dog/0120.png,1385
cifar10/test/dog/0134.png,1561
cifar10/test/dog/0652.png,6528
cifar10/test/dog/0108.png,1276
cifar10/test/dog/0685.png,6787
cifar10/test/dog/0691.png,6875
cifar10/test/dog/0849.png,8378
cifar10/test/dog/0861.png,8477
cifar10/test/dog/0732.png,7258
cifar10/test/dog/0054.png,525
cifar10/test/dog/0040.png,444
cifar10/test/dog/0726.png,7168
cifar10/test/dog/0929.png,9309
cifar10/test/dog/0083.png,924
cifar10/test/dog/0915.png,9164
cifar10/test/dog/0901.png,9027
cifar10/test/dog/0256.png,2688
cifar10/test/dog/0530.png,5450
cifar10/test/dog/0524.png,5372
cifar10/test/dog/0242.png,2494
cifar10/test/dog/0518.png,5271
cifar10/test/dog/0281.png,2915
cifar10/test/frog/0298.png,2849
cifar10/test/frog/0267.png,2508
cifar10/test/frog/0501.png,5089
cifar10/test/frog/0515.png,5175
cifar10/test/frog/0273.png,2580
cifar10/test/frog/0529.png,5388
cifar10/test/frog/0918.png,9136
cifar10/test/frog/0924.png,9195
cifar10/test/frog/0930.png,9263
cifar10/test/frog/0703.png,7057
cifar10/test/frog/0065.png,562
cifar10/test/frog/0717.png,7183
cifar10/test/frog/0059.png,534
cifar10/test/frog/0850.png,8569
cifar10/test/frog/0688.png,6907
cifar10/test/frog/0677.png,6809
cifar10/test/frog/0111.png,976
cifar10/test/frog/0105.png,927
cifar10/test/frog/0663.png,6658
cifar10/test/frog/0893.png,8881
cifar10/test/frog/0139.png,1184
cifar10/test/frog/0887.png,8822
cifar10/test/frog/0313.png,3047
cifar10/test/frog/0475.png,4793
cifar10/test/frog/0307.png,2999
cifar10/test/frog/0449.png,4638
cifar10/test/frog/0448.png,4610
cifar10/test/frog/0460.png,4714
cifar10/test/frog/0306.png,2934
cifar10/test/frog/0312.png,3030
cifar10/test/frog/0474.png,4788
cifar10/test/frog/0138.png,1178
cifar10/test/frog/0892.png,8858
cifar10/test/frog/0104.png,920
cifar10/test/frog/0662.png,6656
cifar10/test/frog/0676.png,6803
cifar10/test/frog/0110.png,966
cifar10/test/frog/0845.png,8539
cifar10/test/frog/0689.png,6908
cifar10/test/frog/0851.png,8570
cifar10/test/frog/0879.png,8783
cifar10/test/frog/0058.png,529
cifar10/test/frog/0070.png,593
cifar10/test/frog/0716.png,7181
cifar10/test/frog/0702.png,7043
cifar10/test/frog/0064.png,556
cifar10/test/frog/0931.png,9294
cifar10/test/frog/0925.png,9212
cifar10/test/frog/0919.png,9150
cifar10/test/frog/0528.png,5384
cifar10/test/frog/0514.png,5174
cifar10/test/frog/0272.png,2572
cifar10/test/frog/0266.png,2499
cifar10/test/frog/0500.png,5082
cifar10/test/frog/0299.png,2862
cifar10/test/frog/0270.png,2556
cifar10/test/frog/0516.png,5199
cifar10/test/frog/0502.png,5106
cifar10/test/frog/0264.png,2485
cifar10/test/frog/0258.png,2447
cifar10/test/frog/0933.png,9317
cifar10/test/frog/0099.png,891
cifar10/test/frog/0927.png,9224
cifar10/test/frog/0714.png,7163
cifar10/test/frog/0072.png,610
cifar10/test/frog/0066.png,570
cifar10/test/frog/0700.png,7009
cifar10/test/frog/0728.png,7339
cifar10/test/frog/0847.png,8545
cifar10/test/frog/0853.png,8582
cifar10/test/frog/0660.png,6645
cifar10/test/frog/0106.png,952
cifar10/test/frog/0112.png,994
cifar10/test/frog/0674.png,6800
cifar10/test/frog/0884.png,8804
cifar10/test/frog/0648.png,6520
cifar10/test/frog/0890.png,8833
cifar10/test/frog/0489.png,4943
cifar10/test/frog/0462.png,4733
cifar10/test/frog/0476.png,4816
cifar10/test/frog/0310.png,3014
cifar10/test/frog/0338.png,3400
cifar10/test/frog/0339.png,3406
cifar10/test/frog/0477.png,4857
cifar10/test/frog/0311.png,3015
cifar10/test/frog/0305.png,2914
cifar10/test/frog/0463.png,4739
cifar10/test/frog/0488.png,4941
cifar10/test/frog/0891.png,8846
cifar10/test/frog/0649.png,6523
cifar10/test/frog/0885.png,8807
cifar10/test/frog/0113.png,1009
cifar10/test/frog/0675.png,6801
cifar10/test/frog/0661.png,6651
cifar10/test/frog/0107.png,963
cifar10/test/frog/0852.png,8573
cifar10/test/frog/0846.png,8544
cifar10/test/frog/0729.png,7345
cifar10/test/frog/0067.png,574
cifar10/test/frog/0701.png,7025
cifar10/test/frog/0715.png,7180
cifar10/test/frog/0073.png,616
cifar10/test/frog/0098.png,861
cifar10/test/frog/0926.png,9216
cifar10/test/frog/0932.png,9314
cifar10/test/frog/0259.png,2455
cifar10/test/frog/0503.png,5111
cifar10/test/frog/0265.png,2488
cifar10/test/frog/0517.png,5203
cifar10/test/frog/0249.png,2389
cifar10/test/frog/0513.png,5159
cifar10/test/frog/0261.png,2474
cifar10/test/frog/0507.png,5122
cifar10/test/frog/0088.png,756
cifar10/test/frog/0922.png,9166
cifar10/test/frog/0739.png,7471
cifar10/test/frog/0077.png,653
cifar10/test/frog/0711.png,7131
cifar10/test/frog/0705.png,7083
cifar10/test/frog/0063.png,547
cifar10/test/frog/0842.png,8524
cifar10/test/frog/0856.png,8591
cifar10/test/frog/0659.png,6635
cifar10/test/frog/0881.png,8792
cifar10/test/frog/0895.png,8902
cifar10/test/frog/0671.png,6731
cifar10/test/frog/0117.png,1029
cifar10/test/frog/0329.png,3238
cifar10/test/frog/0467.png,4751
cifar10/test/frog/0301.png,2865
cifar10/test/frog/0473.png,4786
cifar10/test/frog/0314.png,3057
cifar10/test/frog/0472.png,4778
cifar10/test/frog/0466.png,4746
cifar10/test/frog/0300.png,2863
cifar10/test/frog/0328.png,3224
cifar10/test/frog/0499.png,5075
cifar10/test/frog/0670.png,6727
cifar10/test/frog/0116.png,1028
cifar10/test/frog/0102.png,902
cifar10/test/frog/0664.png,6662
cifar10/test/frog/0894.png,8893
cifar10/test/frog/0880.png,8791
cifar10/test/frog/0658.png,6605
cifar10/test/frog/0857.png,8604
cifar10/test/frog/0843.png,8533
cifar10/test/frog/0062.png,542
cifar10/test/frog/0076.png,635
cifar10/test/frog/0710.png,7130
cifar10/test/frog/0738.png,7469
cifar10/test/frog/0923.png,9194
cifar10/test/frog/0089.png,761
cifar10/test/frog/0937.png,9350
cifar10/test/frog/0260.png,2457
cifar10/test/frog/0506.png,5121
cifar10/test/frog/0512.png,5157
cifar10/test/frog/0274.png,2584
cifar10/test/frog/0248.png,2377
cifar10/test/frog/0289.png,2730
cifar10/test/frog/0538.png,5436
cifar10/test/frog/0504.png,5113
cifar10/test/frog/0262.png,2475
cifar10/test/frog/0276.png,2602
cifar10/test/frog/0510.png,5141
cifar10/test/frog/0935.png,9328
cifar10/test/frog/0909.png,8986
cifar10/test/frog/0706.png,7091
cifar10/test/frog/0712.png,7152
cifar10/test/frog/0074.png,617
cifar10/test/frog/0855.png,8588
cifar10/test/frog/0841.png,8523
cifar10/test/frog/0699.png,7006
cifar10/test/frog/0869.png,8705
cifar10/test/frog/0896.png,8916
cifar10/test/frog/0882.png,8798
cifar10/test/frog/0114.png,1012
cifar10/test/frog/0666.png,6692
cifar10/test/frog/0100.png,893
cifar10/test/frog/0458.png,4700
cifar10/test/frog/0470.png,4772
cifar10/test/frog/0302.png,2884
cifar10/test/frog/0464.png,4743
cifar10/test/frog/0303.png,2886
cifar10/test/frog/0465.png,4744
cifar10/test/frog/0471.png,4774
cifar10/test/frog/0317.png,3103
cifar10/test/frog/0459.png,4702
cifar10/test/frog/0667.png,6693
cifar10/test/frog/0101.png,901
cifar10/test/frog/0115.png,1017
cifar10/test/frog/0673.png,6796
cifar10/test/frog/0883.png,8802
cifar10/test/frog/0129.png,1089
cifar10/test/frog/0897.png,8920
cifar10/test/frog/0698.png,6965
cifar10/test/frog/0840.png,8509
cifar10/test/frog/0854.png,8586
cifar10/test/frog/0713.png,7159
cifar10/test/frog/0075.png,632
cifar10/test/frog/0061.png,536
cifar10/test/frog/0707.png,7101
cifar10/test/frog/0049.png,413
cifar10/test/frog/0908.png,8984
cifar10/test/frog/0934.png,9325
cifar10/test/frog/0277.png,2613
cifar10/test/frog/0511.png,5149
cifar10/test/frog/0263.png,2478
cifar10/test/frog/0539.png,5443
cifar10/test/frog/0288.png,2709
cifar10/test/frog/0589.png,5865
cifar10/test/frog/0562.png,5607
cifar10/test/frog/0204.png,1931
cifar10/test/frog/0210.png,1974
cifar10/test/frog/0576.png,5731
cifar10/test/frog/0238.png,2275
cifar10/test/frog/0947.png,9450
cifar10/test/frog/0953.png,9502
cifar10/test/frog/0006.png,30
cifar10/test/frog/0760.png,7690
cifar10/test/frog/0774.png,7856
cifar10/test/frog/0012.png,64
cifar10/test/frog/0984.png,9738
cifar10/test/frog/0990.png,9842
cifar10/test/frog/0833.png,8414
cifar10/test/frog/0827.png,8365
cifar10/test/frog/0199.png,1838
cifar10/test/frog/0172.png,1562
cifar10/test/frog/0614.png,6123
cifar10/test/frog/0600.png,5961
cifar10/test/frog/0166.png,1460
cifar10/test/frog/0416.png,4230
cifar10/test/frog/0370.png,3707
cifar10/test/frog/0364.png,3640
cifar10/test/frog/0402.png,4060
cifar10/test/frog/0358.png,3588
cifar10/test/frog/0359.png,3591
cifar10/test/frog/0365.png,3659
cifar10/test/frog/0403.png,4066
cifar10/test/frog/0417.png,4243
cifar10/test/frog/0371.png,3711
cifar10/test/frog/0629.png,6314
cifar10/test/frog/0601.png,5962
cifar10/test/frog/0167.png,1483
cifar10/test/frog/0173.png,1565
cifar10/test/frog/0615.png,6152
cifar10/test/frog/0826.png,8348
cifar10/test/frog/0198.png,1832
cifar10/test/frog/0832.png,8408
cifar10/test/frog/0749.png,7589
cifar10/test/frog/0991.png,9851
cifar10/test/frog/0985.png,9758
cifar10/test/frog/0775.png,7866
cifar10/test/frog/0013.png,71
cifar10/test/frog/0761.png,7691
cifar10/test/frog/0952.png,9501
cifar10/test/frog/0946.png,9430
cifar10/test/frog/0239.png,2299
cifar10/test/frog/0211.png,1975
cifar10/test/frog/0577.png,5734
cifar10/test/frog/0563.png,5616
cifar10/test/frog/0205.png,1935
cifar10/test/frog/0575.png,5727
cifar10/test/frog/0213.png,1982
cifar10/test/frog/0207.png,1958
cifar10/test/frog/0561.png,5600
cifar10/test/frog/0549.png,5513
cifar10/test/frog/0978.png,9693
cifar10/test/frog/0788.png,7992
cifar10/test/frog/0950.png,9488
cifar10/test/frog/0944.png,9408
cifar10/test/frog/0011.png,62
cifar10/test/frog/0777.png,7874
cifar10/test/frog/0763.png,7711
cifar10/test/frog/0005.png,29
cifar10/test/frog/0993.png,9861
cifar10/test/frog/0987.png,9786
cifar10/test/frog/0039.png,311
cifar10/test/frog/0818.png,8291
cifar10/test/frog/0824.png,8341
cifar10/test/frog/0830.png,8392
cifar10/test/frog/0165.png,1455
cifar10/test/frog/0603.png,5977
cifar10/test/frog/0617.png,6229
cifar10/test/frog/0171.png,1550
cifar10/test/frog/0159.png,1418
cifar10/test/frog/0398.png,4016
cifar10/test/frog/0401.png,4044
cifar10/test/frog/0367.png,3664
cifar10/test/frog/0373.png,3724
cifar10/test/frog/0415.png,4188
cifar10/test/frog/0429.png,4345
cifar10/test/frog/0428.png,4329
cifar10/test/frog/0372.png,3717
cifar10/test/frog/0414.png,4179
cifar10/test/frog/0400.png,4033
cifar10/test/frog/0366.png,3662
cifar10/test/frog/0399.png,4022
cifar10/test/frog/0158.png,1403
cifar10/test/frog/0616.png,6192
cifar10/test/frog/0170.png,1519
cifar10/test/frog/0164.png,1452
cifar10/test/frog/0602.png,5973
cifar10/test/frog/0831.png,8403
cifar10/test/frog/0819.png,8306
cifar10/test/frog/0986.png,9762
cifar10/test/frog/0038.png,309
cifar10/test/frog/0004.png,19
cifar10/test/frog/0776.png,7870
cifar10/test/frog/0945.png,9425
cifar10/test/frog/0951.png,9489
cifar10/test/frog/0789.png,7999
cifar10/test/frog/0979.png,9705
cifar10/test/frog/0548.png,5507
cifar10/test/frog/0206.png,1939
cifar10/test/frog/0560.png,5595
cifar10/test/frog/0574.png,5717
cifar10/test/frog/0212.png,1978
cifar10/test/frog/0558.png,5567
cifar10/test/frog/0216.png,1992
cifar10/test/frog/0570.png,5686
cifar10/test/frog/0564.png,5629
cifar10/test/frog/0202.png,1890
cifar10/test/frog/0955.png,9513
cifar10/test/frog/0799.png,8119
cifar10/test/frog/0941.png,9400
cifar10/test/frog/0996.png,9902
cifar10/test/frog/0028.png,226
cifar10/test/frog/0982.png,9730
cifar10/test/frog/0772.png,7841
cifar10/test/frog/0766.png,7764
cifar10/test/frog/0821.png,8314
cifar10/test/frog/0835.png,8423
cifar10/test/frog/0809.png,8184
cifar10/test/frog/0148.png,1289
cifar10/test/frog/0606.png,6019
cifar10/test/frog/0174.png,1572
cifar10/test/frog/0612.png,6098
cifar10/test/frog/0389.png,3932
cifar10/test/frog/0438.png,4465
cifar10/test/frog/0362.png,3605
cifar10/test/frog/0404.png,4073
cifar10/test/frog/0410.png,4150
cifar10/test/frog/0376.png,3775
cifar10/test/frog/0411.png,4151
cifar10/test/frog/0377.png,3785
cifar10/test/frog/0363.png,3615
cifar10/test/frog/0439.png,4477
cifar10/test/frog/0388.png,3918
cifar10/test/frog/0613.png,6103
cifar10/test/frog/0607.png,6020
cifar10/test/frog/0161.png,1429
cifar10/test/frog/0149.png,1302
cifar10/test/frog/0808.png,8176
cifar10/test/frog/0834.png,8416
cifar10/test/frog/0820.png,8313
cifar10/test/frog/0767.png,7777
cifar10/test/frog/0773.png,7846
cifar10/test/frog/0015.png,95
cifar10/test/frog/0983.png,9735
cifar10/test/frog/0997.png,9903
cifar10/test/frog/0029.png,229
cifar10/test/frog/0968.png,9615
cifar10/test/frog/0798.png,8113
cifar10/test/frog/0954.png,9504
cifar10/test/frog/0565.png,5631
cifar10/test/frog/0203.png,1892
cifar10/test/frog/0217.png,2013
cifar10/test/frog/0571.png,5710
cifar10/test/frog/0598.png,5936
cifar10/test/frog/0229.png,2138
cifar10/test/frog/0201.png,1873
cifar10/test/frog/0567.png,5666
cifar10/test/frog/0215.png,1989
cifar10/test/frog/0942.png,9402
cifar10/test/frog/0981.png,9727
cifar10/test/frog/0759.png,7687
cifar10/test/frog/0995.png,9877
cifar10/test/frog/0765.png,7757
cifar10/test/frog/0017.png,102
cifar10/test/frog/0771.png,7817
cifar10/test/frog/0188.png,1680
cifar10/test/frog/0639.png,6443
cifar10/test/frog/0611.png,6088
cifar10/test/frog/0177.png,1589
cifar10/test/frog/0163.png,1449
cifar10/test/frog/0605.png,6013
cifar10/test/frog/0349.png,3529
cifar10/test/frog/0375.png,3767
cifar10/test/frog/0413.png,4177
cifar10/test/frog/0361.png,3603
cifar10/test/frog/0406.png,4119
cifar10/test/frog/0360.png,3597
cifar10/test/frog/0374.png,3731
cifar10/test/frog/0412.png,4161
cifar10/test/frog/0348.png,3486
cifar10/test/frog/0162.png,1436
cifar10/test/frog/0604.png,6007
cifar10/test/frog/0610.png,6063
cifar10/test/frog/0176.png,1580
cifar10/test/frog/0638.png,6442
cifar10/test/frog/0837.png,8442
cifar10/test/frog/0189.png,1688
cifar10/test/frog/0016.png,96
cifar10/test/frog/0770.png,7810
cifar10/test/frog/0764.png,7727
cifar10/test/frog/0002.png,5
cifar10/test/frog/0994.png,9863
cifar10/test/frog/0758.png,7679
cifar10/test/frog/0980.png,9721
cifar10/test/frog/0957.png,9530
cifar10/test/frog/0943.png,9407
cifar10/test/frog/0572.png,5711
cifar10/test/frog/0214.png,1985
cifar10/test/frog/0566.png,5664
cifar10/test/frog/0228.png,2121
cifar10/test/frog/0599.png,5949
cifar10/test/frog/0580.png,5750
cifar10/test/frog/0594.png,5895
cifar10/test/frog/0225.png,2104
cifar10/test/frog/0231.png,2197
cifar10/test/frog/0219.png,2024
cifar10/test/frog/0782.png,7919
cifar10/test/frog/0966.png,9606
cifar10/test/frog/0972.png,9641
cifar10/test/frog/0027.png,221
cifar10/test/frog/0999.png,9966
cifar10/test/frog/0741.png,7498
cifar10/test/frog/0755.png,7667
cifar10/test/frog/0033.png,296
cifar10/test/frog/0184.png,1667
cifar10/test/frog/0812.png,8220
cifar10/test/frog/0806.png,8168
cifar10/test/frog/0153.png,1327
cifar10/test/frog/0635.png,6398
cifar10/test/frog/0621.png,6255
cifar10/test/frog/0147.png,1273
cifar10/test/frog/0386.png,3889
cifar10/test/frog/0437.png,4454
cifar10/test/frog/0351.png,3540
cifar10/test/frog/0423.png,4291
cifar10/test/frog/0379.png,3797
cifar10/test/frog/0378.png,3793
cifar10/test/frog/0422.png,4283
cifar10/test/frog/0436.png,4423
cifar10/test/frog/0350.png,3530
cifar10/test/frog/0387.png,3899
cifar10/test/frog/0393.png,3941
cifar10/test/frog/0608.png,6025
cifar10/test/frog/0620.png,6245
cifar10/test/frog/0146.png,1245
cifar10/test/frog/0152.png,1326
cifar10/test/frog/0634.png,6392
cifar10/test/frog/0807.png,8171
cifar10/test/frog/0813.png,8247
cifar10/test/frog/0185.png,1669
cifar10/test/frog/0191.png,1737
cifar10/test/frog/0768.png,7788
cifar10/test/frog/0754.png,7647
cifar10/test/frog/0032.png,292
cifar10/test/frog/0740.png,7479
cifar10/test/frog/0998.png,9920
cifar10/test/frog/0967.png,9614
cifar10/test/frog/0797.png,8100
cifar10/test/frog/0783.png,7945
cifar10/test/frog/0218.png,2016
cifar10/test/frog/0230.png,2149
cifar10/test/frog/0556.png,5561
cifar10/test/frog/0542.png,5471
cifar10/test/frog/0224.png,2101
cifar10/test/frog/0595.png,5911
cifar10/test/frog/0581.png,5761
cifar10/test/frog/0597.png,5935
cifar10/test/frog/0583.png,5802
cifar10/test/frog/0554.png,5545
cifar10/test/frog/0232.png,2203
cifar10/test/frog/0226.png,2105
cifar10/test/frog/0568.png,5676
cifar10/test/frog/0795.png,8081
cifar10/test/frog/0959.png,9534
cifar10/test/frog/0971.png,9636
cifar10/test/frog/0965.png,9571
cifar10/test/frog/0030.png,272
cifar10/test/frog/0756.png,7672
cifar10/test/frog/0742.png,7500
cifar10/test/frog/0024.png,162
cifar10/test/frog/0018.png,107
cifar10/test/frog/0839.png,8468
cifar10/test/frog/0193.png,1757
cifar10/test/frog/0805.png,8167
cifar10/test/frog/0811.png,8213
cifar10/test/frog/0144.png,1225
cifar10/test/frog/0622.png,6264
cifar10/test/frog/0636.png,6413
cifar10/test/frog/0150.png,1309
cifar10/test/frog/0178.png,1634
cifar10/test/frog/0385.png,3888
cifar10/test/frog/0391.png,3936
cifar10/test/frog/0346.png,3465
cifar10/test/frog/0352.png,3543
cifar10/test/frog/0408.png,4127
cifar10/test/frog/0409.png,4130
cifar10/test/frog/0353.png,3555
cifar10/test/frog/0435.png,4413
cifar10/test/frog/0421.png,4279
cifar10/test/frog/0347.png,3477
cifar10/test/frog/0384.png,3885
cifar10/test/frog/0179.png,1641
cifar10/test/frog/0637.png,6421
cifar10/test/frog/0151.png,1312
cifar10/test/frog/0145.png,1226
cifar10/test/frog/0623.png,6271
cifar10/test/frog/0810.png,8191
cifar10/test/frog/0804.png,8164
cifar10/test/frog/0192.png,1753
cifar10/test/frog/0186.png,1670
cifar10/test/frog/0838.png,8464
cifar10/test/frog/0019.png,112
cifar10/test/frog/0743.png,7504
cifar10/test/frog/0025.png,163
cifar10/test/frog/0031.png,282
cifar10/test/frog/0757.png,7677
cifar10/test/frog/0964.png,9569
cifar10/test/frog/0970.png,9630
cifar10/test/frog/0958.png,9531
cifar10/test/frog/0780.png,7907
cifar10/test/frog/0794.png,8060
cifar10/test/frog/0569.png,5683
cifar10/test/frog/0555.png,5556
cifar10/test/frog/0233.png,2222
cifar10/test/frog/0582.png,5784
cifar10/test/frog/0596.png,5927
cifar10/test/frog/0592.png,5883
cifar10/test/frog/0586.png,5841
cifar10/test/frog/0579.png,5743
cifar10/test/frog/0237.png,2267
cifar10/test/frog/0551.png,5523
cifar10/test/frog/0545.png,5499
cifar10/test/frog/0223.png,2093
cifar10/test/frog/0974.png,9660
cifar10/test/frog/0960.png,9537
cifar10/test/frog/0790.png,8002
cifar10/test/frog/0948.png,9456
cifar10/test/frog/0784.png,7969
cifar10/test/frog/0009.png,49
cifar10/test/frog/0753.png,7629
cifar10/test/frog/0035.png,300
cifar10/test/frog/0021.png,142
cifar10/test/frog/0747.png,7551
cifar10/test/frog/0800.png,8130
cifar10/test/frog/0814.png,8250
cifar10/test/frog/0196.png,1795
cifar10/test/frog/0828.png,8367
cifar10/test/frog/0169.png,1513
cifar10/test/frog/0627.png,6305
cifar10/test/frog/0141.png,1195
cifar10/test/frog/0633.png,6373
cifar10/test/frog/0380.png,3840
cifar10/test/frog/0394.png,3984
cifar10/test/frog/0343.png,3446
cifar10/test/frog/0431.png,4360
cifar10/test/frog/0357.png,3582
cifar10/test/frog/0430.png,4353
cifar10/test/frog/0356.png,3567
cifar10/test/frog/0342.png,3442
cifar10/test/frog/0424.png,4301
cifar10/test/frog/0418.png,4257
cifar10/test/frog/0395.png,3993
cifar10/test/frog/0381.png,3861
cifar10/test/frog/0632.png,6370
cifar10/test/frog/0626.png,6292
cifar10/test/frog/0168.png,1489
cifar10/test/frog/0197.png,1817
cifar10/test/frog/0829.png,8368
cifar10/test/frog/0183.png,1666
cifar10/test/frog/0801.png,8134
cifar10/test/frog/0020.png,140
cifar10/test/frog/0746.png,7548
cifar10/test/frog/0752.png,7606
cifar10/test/frog/0034.png,299
cifar10/test/frog/0785.png,7974
cifar10/test/frog/0949.png,9471
cifar10/test/frog/0961.png,9546
cifar10/test/frog/0975.png,9677
cifar10/test/frog/0544.png,5487
cifar10/test/frog/0222.png,2072
cifar10/test/frog/0236.png,2263
cifar10/test/frog/0550.png,5519
cifar10/test/frog/0578.png,5740
cifar10/test/frog/0587.png,5843
cifar10/test/frog/0593.png,5889
cifar10/test/frog/0585.png,5831
cifar10/test/frog/0591.png,5876
cifar10/test/frog/0208.png,1962
cifar10/test/frog/0220.png,2035
cifar10/test/frog/0546.png,5501
cifar10/test/frog/0552.png,5534
cifar10/test/frog/0234.png,2237
cifar10/test/frog/0963.png,9556
cifar10/test/frog/0977.png,9691
cifar10/test/frog/0787.png,7988
cifar10/test/frog/0793.png,8038
cifar10/test/frog/0778.png,7890
cifar10/test/frog/0744.png,7527
cifar10/test/frog/0036.png,301
cifar10/test/frog/0988.png,9789
cifar10/test/frog/0750.png,7591
cifar10/test/frog/0817.png,8274
cifar10/test/frog/0195.png,1781
cifar10/test/frog/0181.png,1663
cifar10/test/frog/0618.png,6235
cifar10/test/frog/0630.png,6315
cifar10/test/frog/0156.png,1390
cifar10/test/frog/0142.png,1204
cifar10/test/frog/0624.png,6282
cifar10/test/frog/0397.png,4007
cifar10/test/frog/0383.png,3880
cifar10/test/frog/0368.png,3693
cifar10/test/frog/0354.png,3556
cifar10/test/frog/0432.png,4384
cifar10/test/frog/0426.png,4315
cifar10/test/frog/0340.png,3427
cifar10/test/frog/0427.png,4325
cifar10/test/frog/0341.png,3435
cifar10/test/frog/0355.png,3563
cifar10/test/frog/0433.png,4386
cifar10/test/frog/0369.png,3703
cifar10/test/frog/0382.png,3874
cifar10/test/frog/0396.png,3996
cifar10/test/frog/0143.png,1211
cifar10/test/frog/0625.png,6288
cifar10/test/frog/0631.png,6330
cifar10/test/frog/0619.png,6239
cifar10/test/frog/0180.png,1661
cifar10/test/frog/0194.png,1766
cifar10/test/frog/0802.png,8150
cifar10/test/frog/0816.png,8273
cifar10/test/frog/0037.png,304
cifar10/test/frog/0751.png,7593
cifar10/test/frog/0989.png,9801
cifar10/test/frog/0745.png,7534
cifar10/test/frog/0023.png,152
cifar10/test/frog/0779.png,7891
cifar10/test/frog/0792.png,8036
cifar10/test/frog/0786.png,7983
cifar10/test/frog/0976.png,9683
cifar10/test/frog/0962.png,9550
cifar10/test/frog/0553.png,5536
cifar10/test/frog/0235.png,2251
cifar10/test/frog/0547.png,5502
cifar10/test/frog/0209.png,1972
cifar10/test/frog/0590.png,5871
cifar10/test/frog/0584.png,5807
cifar10/test/frog/0285.png,2671
cifar10/test/frog/0291.png,2772
cifar10/test/frog/0246.png,2343
cifar10/test/frog/0520.png,5267
cifar10/test/frog/0534.png,5423
cifar10/test/frog/0252.png,2415
cifar10/test/frog/0508.png,5131
cifar10/test/frog/0939.png,9359
cifar10/test/frog/0087.png,747
cifar10/test/frog/0093.png,777
cifar10/test/frog/0905.png,8963
cifar10/test/frog/0911.png,9006
cifar10/test/frog/0722.png,7301
cifar10/test/frog/0044.png,347
cifar10/test/frog/0050.png,429
cifar10/test/frog/0736.png,7466
cifar10/test/frog/0078.png,663
cifar10/test/frog/0695.png,6948
cifar10/test/frog/0859.png,8609
cifar10/test/frog/0681.png,6856
cifar10/test/frog/0871.png,8724
cifar10/test/frog/0865.png,8687
cifar10/test/frog/0656.png,6586
cifar10/test/frog/0130.png,1092
cifar10/test/frog/0124.png,1071
cifar10/test/frog/0642.png,6471
cifar10/test/frog/0118.png,1032
cifar10/test/frog/0497.png,5060
cifar10/test/frog/0483.png,4894
cifar10/test/frog/0332.png,3325
cifar10/test/frog/0454.png,4669
cifar10/test/frog/0440.png,4482
cifar10/test/frog/0326.png,3212
cifar10/test/frog/0468.png,4756
cifar10/test/frog/0469.png,4767
cifar10/test/frog/0441.png,4511
cifar10/test/frog/0327.png,3214
cifar10/test/frog/0333.png,3340
cifar10/test/frog/0455.png,4671
cifar10/test/frog/0482.png,4891
cifar10/test/frog/0496.png,5052
cifar10/test/frog/0119.png,1034
cifar10/test/frog/0125.png,1079
cifar10/test/frog/0643.png,6483
cifar10/test/frog/0657.png,6598
cifar10/test/frog/0131.png,1094
cifar10/test/frog/0864.png,8657
cifar10/test/frog/0870.png,8721
cifar10/test/frog/0680.png,6850
cifar10/test/frog/0694.png,6946
cifar10/test/frog/0079.png,670
cifar10/test/frog/0737.png,7467
cifar10/test/frog/0723.png,7302
cifar10/test/frog/0045.png,379
cifar10/test/frog/0910.png,9002
cifar10/test/frog/0904.png,8958
cifar10/test/frog/0092.png,772
cifar10/test/frog/0938.png,9355
cifar10/test/frog/0086.png,746
cifar10/test/frog/0509.png,5139
cifar10/test/frog/0535.png,5425
cifar10/test/frog/0253.png,2416
cifar10/test/frog/0247.png,2364
cifar10/test/frog/0521.png,5284
cifar10/test/frog/0290.png,2741
cifar10/test/frog/0284.png,2669
cifar10/test/frog/0292.png,2797
cifar10/test/frog/0286.png,2702
cifar10/test/frog/0251.png,2412
cifar10/test/frog/0537.png,5434
cifar10/test/frog/0523.png,5297
cifar10/test/frog/0245.png,2338
cifar10/test/frog/0279.png,2637
cifar10/test/frog/0090.png,762
cifar10/test/frog/0084.png,710
cifar10/test/frog/0912.png,9049
cifar10/test/frog/0906.png,8971
cifar10/test/frog/0735.png,7445
cifar10/test/frog/0053.png,476
cifar10/test/frog/0047.png,392
cifar10/test/frog/0709.png,7123
cifar10/test/frog/0682.png,6863
cifar10/test/frog/0696.png,6956
cifar10/test/frog/0866.png,8689
cifar10/test/frog/0872.png,8728
cifar10/test/frog/0641.png,6459
cifar10/test/frog/0899.png,8932
cifar10/test/frog/0127.png,1081
cifar10/test/frog/0133.png,1135
cifar10/test/frog/0669.png,6706
cifar10/test/frog/0480.png,4879
cifar10/test/frog/0494.png,5016
cifar10/test/frog/0325.png,3201
cifar10/test/frog/0443.png,4575
cifar10/test/frog/0457.png,4698
cifar10/test/frog/0331.png,3310
cifar10/test/frog/0318.png,3118
cifar10/test/frog/0456.png,4672
cifar10/test/frog/0330.png,3286
cifar10/test/frog/0324.png,3199
cifar10/test/frog/0442.png,4519
cifar10/test/frog/0495.png,5039
cifar10/test/frog/0481.png,4882
cifar10/test/frog/0668.png,6700
cifar10/test/frog/0132.png,1125
cifar10/test/frog/0654.png,6563
cifar10/test/frog/0640.png,6455
cifar10/test/frog/0126.png,1080
cifar10/test/frog/0873.png,8748
cifar10/test/frog/0697.png,6957
cifar10/test/frog/0683.png,6867
cifar10/test/frog/0708.png,7117
cifar10/test/frog/0046.png,380
cifar10/test/frog/0720.png,7290
cifar10/test/frog/0052.png,461
cifar10/test/frog/0907.png,8978
cifar10/test/frog/0913.png,9055
cifar10/test/frog/0085.png,728
cifar10/test/frog/0091.png,770
cifar10/test/frog/0278.png,2635
cifar10/test/frog/0522.png,5286
cifar10/test/frog/0244.png,2333
cifar10/test/frog/0536.png,5429
cifar10/test/frog/0287.png,2707
cifar10/test/frog/0293.png,2802
cifar10/test/frog/0297.png,2848
cifar10/test/frog/0283.png,2666
cifar10/test/frog/0268.png,2530
cifar10/test/frog/0532.png,5420
cifar10/test/frog/0254.png,2428
cifar10/test/frog/0240.png,2304
cifar10/test/frog/0526.png,5359
cifar10/test/frog/0903.png,8948
cifar10/test/frog/0095.png,788
cifar10/test/frog/0081.png,681
cifar10/test/frog/0718.png,7205
cifar10/test/frog/0056.png,511
cifar10/test/frog/0730.png,7357
cifar10/test/frog/0724.png,7305
cifar10/test/frog/0042.png,334
cifar10/test/frog/0863.png,8636
cifar10/test/frog/0877.png,8773
cifar10/test/frog/0687.png,6896
cifar10/test/frog/0693.png,6934
cifar10/test/frog/0678.png,6813
cifar10/test/frog/0122.png,1062
cifar10/test/frog/0650.png,6543
cifar10/test/frog/0888.png,8831
cifar10/test/frog/0136.png,1147
cifar10/test/frog/0485.png,4908
cifar10/test/frog/0491.png,4989
cifar10/test/frog/0308.png,3007
cifar10/test/frog/0446.png,4580
cifar10/test/frog/0320.png,3160
cifar10/test/frog/0334.png,3349
cifar10/test/frog/0452.png,4662
cifar10/test/frog/0335.png,3373
cifar10/test/frog/0453.png,4668
cifar10/test/frog/0447.png,4603
cifar10/test/frog/0321.png,3179
cifar10/test/frog/0309.png,3010
cifar10/test/frog/0490.png,4983
cifar10/test/frog/0484.png,4898
cifar10/test/frog/0889.png,8832
cifar10/test/frog/0651.png,6547
cifar10/test/frog/0137.png,1154
cifar10/test/frog/0123.png,1069
cifar10/test/frog/0645.png,6502
cifar10/test/frog/0679.png,6826
cifar10/test/frog/0692.png,6921
cifar10/test/frog/0686.png,6894
cifar10/test/frog/0876.png,8771
cifar10/test/frog/0862.png,8635
cifar10/test/frog/0725.png,7317
cifar10/test/frog/0043.png,341
cifar10/test/frog/0057.png,512
cifar10/test/frog/0731.png,7371
cifar10/test/frog/0719.png,7213
cifar10/test/frog/0080.png,672
cifar10/test/frog/0094.png,783
cifar10/test/frog/0916.png,9092
cifar10/test/frog/0527.png,5370
cifar10/test/frog/0533.png,5421
cifar10/test/frog/0255.png,2435
cifar10/test/frog/0269.png,2549
cifar10/test/frog/0282.png,2662
cifar10/test/frog/0296.png,2846
cifar10/test/frog/0280.png,2639
cifar10/test/frog/0519.png,5264
cifar10/test/frog/0525.png,5341
cifar10/test/frog/0243.png,2313
cifar10/test/frog/0257.png,2445
cifar10/test/frog/0531.png,5412
cifar10/test/frog/0900.png,8933
cifar10/test/frog/0914.png,9068
cifar10/test/frog/0082.png,685
cifar10/test/frog/0928.png,9241
cifar10/test/frog/0096.png,820
cifar10/test/frog/0069.png,590
cifar10/test/frog/0041.png,333
cifar10/test/frog/0727.png,7337
cifar10/test/frog/0733.png,7390
cifar10/test/frog/0055.png,501
cifar10/test/frog/0874.png,8755
cifar10/test/frog/0860.png,8613
cifar10/test/frog/0848.png,8547
cifar10/test/frog/0690.png,6911
cifar10/test/frog/0684.png,6874
cifar10/test/frog/0109.png,965
cifar10/test/frog/0653.png,6560
cifar10/test/frog/0647.png,6518
cifar10/test/frog/0492.png,5001
cifar10/test/frog/0486.png,4916
cifar10/test/frog/0479.png,4877
cifar10/test/frog/0451.png,4650
cifar10/test/frog/0323.png,3198
cifar10/test/frog/0445.png,4579
cifar10/test/frog/0450.png,4648
cifar10/test/frog/0336.png,3374
cifar10/test/frog/0478.png,4859
cifar10/test/frog/0487.png,4940
cifar10/test/frog/0493.png,5012
cifar10/test/frog/0120.png,1035
cifar10/test/frog/0134.png,1140
cifar10/test/frog/0652.png,6558
cifar10/test/frog/0108.png,964
cifar10/test/frog/0685.png,6892
cifar10/test/frog/0691.png,6917
cifar10/test/frog/0849.png,8552
cifar10/test/frog/0861.png,8634
cifar10/test/frog/0875.png,8770
cifar10/test/frog/0732.png,7389
cifar10/test/frog/0054.png,481
cifar10/test/frog/0040.png,329
cifar10/test/frog/0726.png,7333
cifar10/test/frog/0068.png,575
cifar10/test/frog/0929.png,9251
cifar10/test/frog/0097.png,827
cifar10/test/frog/0083.png,687
cifar10/test/frog/0915.png,9076
cifar10/test/frog/0901.png,8940
cifar10/test/frog/0256.png,2436
cifar10/test/frog/0530.png,5399
cifar10/test/frog/0524.png,5334
cifar10/test/frog/0242.png,2310
cifar10/test/frog/0518.png,5216
cifar10/test/frog/0295.png,2830
cifar10/test/frog/0281.png,2649
cifar10/test/horse/0298.png,3096
cifar10/test/horse/0267.png,2788
cifar10/test/horse/0515.png,5162
cifar10/test/horse/0273.png,2867
cifar10/test/horse/0529.png,5304
cifar10/test/horse/0918.png,9254
cifar10/test/horse/0924.png,9284
cifar10/test/horse/0930.png,9315
cifar10/test/horse/0065.png,698
cifar10/test/horse/0071.png,743
cifar10/test/horse/0717.png,7128
cifar10/test/horse/0059.png,621
cifar10/test/horse/0878.png,8835
cifar10/test/horse/0850.png,8568
cifar10/test/horse/0677.png,6631
cifar10/test/horse/0111.png,1130
cifar10/test/horse/0105.png,1057
cifar10/test/horse/0893.png,9013
cifar10/test/horse/0887.png,8943
cifar10/test/horse/0313.png,3232
cifar10/test/horse/0475.png,4837
cifar10/test/horse/0461.png,4655
cifar10/test/horse/0449.png,4544
cifar10/test/horse/0448.png,4538
cifar10/test/horse/0460.png,4654
cifar10/test/horse/0306.png,3176
cifar10/test/horse/0312.png,3223
cifar10/test/horse/0474.png,4825
cifar10/test/horse/0138.png,1428
cifar10/test/horse/0886.png,8937
cifar10/test/horse/0892.png,9004
cifar10/test/horse/0104.png,1040
cifar10/test/horse/0662.png,6499
cifar10/test/horse/0110.png,1119
cifar10/test/horse/0845.png,8535
cifar10/test/horse/0689.png,6818
cifar10/test/horse/0851.png,8571
cifar10/test/horse/0879.png,8852
cifar10/test/horse/0058.png,620
cifar10/test/horse/0070.png,741
cifar10/test/horse/0716.png,7120
cifar10/test/horse/0702.png,6989
cifar10/test/horse/0064.png,693
cifar10/test/horse/0925.png,9286
cifar10/test/horse/0528.png,5301
cifar10/test/horse/0514.png,5153
cifar10/test/horse/0272.png,2842
cifar10/test/horse/0500.png,5014
cifar10/test/horse/0299.png,3101
cifar10/test/horse/0270.png,2816
cifar10/test/horse/0516.png,5168
cifar10/test/horse/0502.png,5045
cifar10/test/horse/0264.png,2776
cifar10/test/horse/0258.png,2732
cifar10/test/horse/0933.png,9334
cifar10/test/horse/0099.png,955
cifar10/test/horse/0927.png,9301
cifar10/test/horse/0714.png,7089
cifar10/test/horse/0072.png,745
cifar10/test/horse/0066.png,700
cifar10/test/horse/0700.png,6962
cifar10/test/horse/0728.png,7226
cifar10/test/horse/0660.png,6495
cifar10/test/horse/0106.png,1073
cifar10/test/horse/0112.png,1149
cifar10/test/horse/0674.png,6615
cifar10/test/horse/0884.png,8919
cifar10/test/horse/0648.png,6358
cifar10/test/horse/0489.png,4959
cifar10/test/horse/0304.png,3134
cifar10/test/horse/0462.png,4657
cifar10/test/horse/0476.png,4839
cifar10/test/horse/0310.png,3209
cifar10/test/horse/0338.png,3415
cifar10/test/horse/0339.png,3416
cifar10/test/horse/0477.png,4853
cifar10/test/horse/0311.png,3217
cifar10/test/horse/0305.png,3135
cifar10/test/horse/0463.png,4660
cifar10/test/horse/0488.png,4951
cifar10/test/horse/0891.png,8981
cifar10/test/horse/0649.png,6365
cifar10/test/horse/0885.png,8934
cifar10/test/horse/0113.png,1157
cifar10/test/horse/0675.png,6620
cifar10/test/horse/0661.png,6496
cifar10/test/horse/0107.png,1096
cifar10/test/horse/0852.png,8587
cifar10/test/horse/0846.png,8538
cifar10/test/horse/0729.png,7227
cifar10/test/horse/0067.png,704
cifar10/test/horse/0701.png,6977
cifar10/test/horse/0715.png,7097
cifar10/test/horse/0073.png,766
cifar10/test/horse/0098.png,942
cifar10/test/horse/0926.png,9293
cifar10/test/horse/0932.png,9331
cifar10/test/horse/0259.png,2734
cifar10/test/horse/0503.png,5049
cifar10/test/horse/0265.png,2780
cifar10/test/horse/0271.png,2824
cifar10/test/horse/0517.png,5194
cifar10/test/horse/0249.png,2642
cifar10/test/horse/0513.png,5123
cifar10/test/horse/0275.png,2882
cifar10/test/horse/0261.png,2761
cifar10/test/horse/0507.png,5096
cifar10/test/horse/0088.png,850
cifar10/test/horse/0936.png,9374
cifar10/test/horse/0922.png,9278
cifar10/test/horse/0739.png,7342
cifar10/test/horse/0077.png,795
cifar10/test/horse/0711.png,7079
cifar10/test/horse/0705.png,7012
cifar10/test/horse/0063.png,662
cifar10/test/horse/0856.png,8629
cifar10/test/horse/0659.png,6482
cifar10/test/horse/0881.png,8874
cifar10/test/horse/0895.png,9020
cifar10/test/horse/0103.png,1037
cifar10/test/horse/0665.png,6511
cifar10/test/horse/0671.png,6600
cifar10/test/horse/0117.png,1198
cifar10/test/horse/0498.png,5009
cifar10/test/horse/0329.png,3330
cifar10/test/horse/0467.png,4694
cifar10/test/horse/0301.png,3110
cifar10/test/horse/0315.png,3244
cifar10/test/horse/0473.png,4803
cifar10/test/horse/0314.png,3241
cifar10/test/horse/0472.png,4781
cifar10/test/horse/0466.png,4688
cifar10/test/horse/0300.png,3104
cifar10/test/horse/0328.png,3327
cifar10/test/horse/0499.png,5010
cifar10/test/horse/0670.png,6576
cifar10/test/horse/0116.png,1170
cifar10/test/horse/0102.png,984
cifar10/test/horse/0894.png,9014
cifar10/test/horse/0880.png,8865
cifar10/test/horse/0658.png,6478
cifar10/test/horse/0843.png,8514
cifar10/test/horse/0704.png,7011
cifar10/test/horse/0062.png,643
cifar10/test/horse/0076.png,794
cifar10/test/horse/0710.png,7078
cifar10/test/horse/0923.png,9282
cifar10/test/horse/0937.png,9379
cifar10/test/horse/0260.png,2753
cifar10/test/horse/0506.png,5080
cifar10/test/horse/0512.png,5117
cifar10/test/horse/0274.png,2881
cifar10/test/horse/0248.png,2640
cifar10/test/horse/0289.png,3022
cifar10/test/horse/0538.png,5351
cifar10/test/horse/0262.png,2770
cifar10/test/horse/0276.png,2888
cifar10/test/horse/0935.png,9372
cifar10/test/horse/0909.png,9202
cifar10/test/horse/0048.png,506
cifar10/test/horse/0060.png,624
cifar10/test/horse/0706.png,7020
cifar10/test/horse/0712.png,7086
cifar10/test/horse/0074.png,782
cifar10/test/horse/0855.png,8628
cifar10/test/horse/0841.png,8466
cifar10/test/horse/0699.png,6958
cifar10/test/horse/0869.png,8722
cifar10/test/horse/0128.png,1333
cifar10/test/horse/0896.png,9061
cifar10/test/horse/0882.png,8898
cifar10/test/horse/0114.png,1162
cifar10/test/horse/0672.png,6607
cifar10/test/horse/0666.png,6517
cifar10/test/horse/0100.png,958
cifar10/test/horse/0458.png,4635
cifar10/test/horse/0470.png,4745
cifar10/test/horse/0316.png,3245
cifar10/test/horse/0302.png,3116
cifar10/test/horse/0465.png,4676
cifar10/test/horse/0471.png,4750
cifar10/test/horse/0317.png,3257
cifar10/test/horse/0459.png,4644
cifar10/test/horse/0667.png,6534
cifar10/test/horse/0101.png,974
cifar10/test/horse/0115.png,1169
cifar10/test/horse/0673.png,6612
cifar10/test/horse/0129.png,1342
cifar10/test/horse/0897.png,9063
cifar10/test/horse/0868.png,8718
cifar10/test/horse/0698.png,6955
cifar10/test/horse/0840.png,8461
cifar10/test/horse/0854.png,8627
cifar10/test/horse/0713.png,7087
cifar10/test/horse/0075.png,784
cifar10/test/horse/0061.png,634
cifar10/test/horse/0707.png,7037
cifar10/test/horse/0049.png,521
cifar10/test/horse/0908.png,9186
cifar10/test/horse/0934.png,9346
cifar10/test/horse/0277.png,2889
cifar10/test/horse/0511.png,5114
cifar10/test/horse/0505.png,5070
cifar10/test/horse/0263.png,2771
cifar10/test/horse/0539.png,5356
cifar10/test/horse/0288.png,3009
cifar10/test/horse/0589.png,5794
cifar10/test/horse/0562.png,5568
cifar10/test/horse/0210.png,2167
cifar10/test/horse/0576.png,5695
cifar10/test/horse/0238.png,2518
cifar10/test/horse/0947.png,9444
cifar10/test/horse/0953.png,9553
cifar10/test/horse/0006.png,57
cifar10/test/horse/0760.png,7567
cifar10/test/horse/0774.png,7705
cifar10/test/horse/0012.png,109
cifar10/test/horse/0984.png,9879
cifar10/test/horse/0990.png,9933
cifar10/test/horse/0748.png,7432
cifar10/test/horse/0833.png,8353
cifar10/test/horse/0199.png,2067
cifar10/test/horse/0172.png,1770
cifar10/test/horse/0614.png,6011
cifar10/test/horse/0600.png,5872
cifar10/test/horse/0166.png,1682
cifar10/test/horse/0628.png,6212
cifar10/test/horse/0416.png,4105
cifar10/test/horse/0370.png,3795
cifar10/test/horse/0364.png,3756
cifar10/test/horse/0402.png,4039
cifar10/test/horse/0358.png,3689
cifar10/test/horse/0359.png,3722
cifar10/test/horse/0365.png,3760
cifar10/test/horse/0403.png,4041
cifar10/test/horse/0417.png,4154
cifar10/test/horse/0371.png,3802
cifar10/test/horse/0629.png,6219
cifar10/test/horse/0601.png,5894
cifar10/test/horse/0167.png,1699
cifar10/test/horse/0173.png,1780
cifar10/test/horse/0615.png,6041
cifar10/test/horse/0826.png,8286
cifar10/test/horse/0198.png,2062
cifar10/test/horse/0832.png,8344
cifar10/test/horse/0749.png,7435
cifar10/test/horse/0991.png,9942
cifar10/test/horse/0985.png,9880
cifar10/test/horse/0775.png,7722
cifar10/test/horse/0013.png,119
cifar10/test/horse/0007.png,60
cifar10/test/horse/0761.png,7568
cifar10/test/horse/0952.png,9485
cifar10/test/horse/0946.png,9438
cifar10/test/horse/0239.png,2555
cifar10/test/horse/0211.png,2211
cifar10/test/horse/0577.png,5696
cifar10/test/horse/0563.png,5574
cifar10/test/horse/0588.png,5782
cifar10/test/horse/0575.png,5693
cifar10/test/horse/0213.png,2228
cifar10/test/horse/0207.png,2147
cifar10/test/horse/0561.png,5558
cifar10/test/horse/0549.png,5445
cifar10/test/horse/0978.png,9799
cifar10/test/horse/0950.png,9478
cifar10/test/horse/0944.png,9428
cifar10/test/horse/0011.png,99
cifar10/test/horse/0777.png,7745
cifar10/test/horse/0763.png,7610
cifar10/test/horse/0005.png,56
cifar10/test/horse/0993.png,9944
cifar10/test/horse/0987.png,9899
cifar10/test/horse/0039.png,417
cifar10/test/horse/0818.png,8188
cifar10/test/horse/0824.png,8237
cifar10/test/horse/0830.png,8328
cifar10/test/horse/0165.png,1679
cifar10/test/horse/0617.png,6071
cifar10/test/horse/0171.png,1755
cifar10/test/horse/0159.png,1615
cifar10/test/horse/0398.png,4010
cifar10/test/horse/0367.png,3778
cifar10/test/horse/0373.png,3832
cifar10/test/horse/0415.png,4100
cifar10/test/horse/0429.png,4309
cifar10/test/horse/0428.png,4289
cifar10/test/horse/0372.png,3811
cifar10/test/horse/0414.png,4092
cifar10/test/horse/0400.png,4019
cifar10/test/horse/0366.png,3777
cifar10/test/horse/0399.png,4011
cifar10/test/horse/0158.png,1602
cifar10/test/horse/0616.png,6044
cifar10/test/horse/0170.png,1754
cifar10/test/horse/0164.png,1647
cifar10/test/horse/0602.png,5904
cifar10/test/horse/0831.png,8335
cifar10/test/horse/0825.png,8240
cifar10/test/horse/0819.png,8206
cifar10/test/horse/0986.png,9883
cifar10/test/horse/0038.png,410
cifar10/test/horse/0992.png,9943
cifar10/test/horse/0762.png,7587
cifar10/test/horse/0004.png,48
cifar10/test/horse/0010.png,87
cifar10/test/horse/0776.png,7732
cifar10/test/horse/0945.png,9434
cifar10/test/horse/0951.png,9479
cifar10/test/horse/0789.png,7886
cifar10/test/horse/0979.png,9833
cifar10/test/horse/0548.png,5444
cifar10/test/horse/0206.png,2145
cifar10/test/horse/0560.png,5551
cifar10/test/horse/0574.png,5690
cifar10/test/horse/0212.png,2225
cifar10/test/horse/0558.png,5541
cifar10/test/horse/0216.png,2250
cifar10/test/horse/0570.png,5668
cifar10/test/horse/0564.png,5593
cifar10/test/horse/0202.png,2089
cifar10/test/horse/0955.png,9567
cifar10/test/horse/0941.png,9399
cifar10/test/horse/0969.png,9698
cifar10/test/horse/0996.png,9975
cifar10/test/horse/0028.png,316
cifar10/test/horse/0982.png,9855
cifar10/test/horse/0772.png,7693
cifar10/test/horse/0014.png,137
cifar10/test/horse/0766.png,7625
cifar10/test/horse/0821.png,8221
cifar10/test/horse/0835.png,8364
cifar10/test/horse/0809.png,8088
cifar10/test/horse/0612.png,5998
cifar10/test/horse/0389.png,3920
cifar10/test/horse/0438.png,4382
cifar10/test/horse/0362.png,3746
cifar10/test/horse/0404.png,4045
cifar10/test/horse/0376.png,3860
cifar10/test/horse/0411.png,4076
cifar10/test/horse/0377.png,3865
cifar10/test/horse/0405.png,4046
cifar10/test/horse/0439.png,4395
cifar10/test/horse/0388.png,3919
cifar10/test/horse/0175.png,1816
cifar10/test/horse/0613.png,6004
cifar10/test/horse/0607.png,5929
cifar10/test/horse/0149.png,1494
cifar10/test/horse/0808.png,8078
cifar10/test/horse/0834.png,8360
cifar10/test/horse/0820.png,8207
cifar10/test/horse/0001.png,13
cifar10/test/horse/0015.png,145
cifar10/test/horse/0983.png,9869
cifar10/test/horse/0997.png,9978
cifar10/test/horse/0029.png,317
cifar10/test/horse/0940.png,9395
cifar10/test/horse/0798.png,7976
cifar10/test/horse/0954.png,9554
cifar10/test/horse/0565.png,5601
cifar10/test/horse/0203.png,2117
cifar10/test/horse/0217.png,2272
cifar10/test/horse/0571.png,5675
cifar10/test/horse/0559.png,5546
cifar10/test/horse/0229.png,2376
cifar10/test/horse/0201.png,2088
cifar10/test/horse/0567.png,5635
cifar10/test/horse/0573.png,5684
cifar10/test/horse/0215.png,2239
cifar10/test/horse/0956.png,9570
cifar10/test/horse/0981.png,9850
cifar10/test/horse/0759.png,7554
cifar10/test/horse/0995.png,9953
cifar10/test/horse/0765.png,7612
cifar10/test/horse/0003.png,20
cifar10/test/horse/0017.png,194
cifar10/test/horse/0771.png,7669
cifar10/test/horse/0836.png,8376
cifar10/test/horse/0188.png,1951
cifar10/test/horse/0822.png,8227
cifar10/test/horse/0639.png,6318
cifar10/test/horse/0611.png,5981
cifar10/test/horse/0163.png,1640
cifar10/test/horse/0349.png,3578
cifar10/test/horse/0375.png,3843
cifar10/test/horse/0413.png,4088
cifar10/test/horse/0361.png,3739
cifar10/test/horse/0406.png,4054
cifar10/test/horse/0360.png,3734
cifar10/test/horse/0374.png,3836
cifar10/test/horse/0412.png,4084
cifar10/test/horse/0348.png,3566
cifar10/test/horse/0604.png,5921
cifar10/test/horse/0610.png,5965
cifar10/test/horse/0176.png,1822
cifar10/test/horse/0638.png,6316
cifar10/test/horse/0823.png,8235
cifar10/test/horse/0837.png,8394
cifar10/test/horse/0189.png,1956
cifar10/test/horse/0016.png,177
cifar10/test/horse/0770.png,7660
cifar10/test/horse/0764.png,7611
cifar10/test/horse/0002.png,17
cifar10/test/horse/0994.png,9945
cifar10/test/horse/0758.png,7546
cifar10/test/horse/0957.png,9581
cifar10/test/horse/0943.png,9416
cifar10/test/horse/0572.png,5677
cifar10/test/horse/0214.png,2234
cifar10/test/horse/0200.png,2084
cifar10/test/horse/0566.png,5606
cifar10/test/horse/0228.png,2365
cifar10/test/horse/0599.png,5870
cifar10/test/horse/0580.png,5728
cifar10/test/horse/0594.png,5826
cifar10/test/horse/0543.png,5403
cifar10/test/horse/0225.png,2340
cifar10/test/horse/0231.png,2417
cifar10/test/horse/0557.png,5538
cifar10/test/horse/0219.png,2311
cifar10/test/horse/0782.png,7784
cifar10/test/horse/0966.png,9672
cifar10/test/horse/0972.png,9716
cifar10/test/horse/0027.png,288
cifar10/test/horse/0999.png,9990
cifar10/test/horse/0741.png,7355
cifar10/test/horse/0755.png,7505
cifar10/test/horse/0033.png,371
cifar10/test/horse/0769.png,7658
cifar10/test/horse/0190.png,1961
cifar10/test/horse/0184.png,1884
cifar10/test/horse/0812.png,8103
cifar10/test/horse/0806.png,8074
cifar10/test/horse/0153.png,1560
cifar10/test/horse/0621.png,6132
cifar10/test/horse/0147.png,1478
cifar10/test/horse/0609.png,5953
cifar10/test/horse/0392.png,3972
cifar10/test/horse/0386.png,3913
cifar10/test/horse/0437.png,4381
cifar10/test/horse/0351.png,3590
cifar10/test/horse/0345.png,3481
cifar10/test/horse/0423.png,4214
cifar10/test/horse/0379.png,3876
cifar10/test/horse/0378.png,3872
cifar10/test/horse/0344.png,3472
cifar10/test/horse/0422.png,4186
cifar10/test/horse/0436.png,4376
cifar10/test/horse/0350.png,3589
cifar10/test/horse/0387.png,3917
cifar10/test/horse/0393.png,3975
cifar10/test/horse/0608.png,5940
cifar10/test/horse/0146.png,1477
cifar10/test/horse/0152.png,1531
cifar10/test/horse/0634.png,6266
cifar10/test/horse/0807.png,8076
cifar10/test/horse/0813.png,8104
cifar10/test/horse/0185.png,1899
cifar10/test/horse/0191.png,1966
cifar10/test/horse/0768.png,7641
cifar10/test/horse/0754.png,7495
cifar10/test/horse/0032.png,355
cifar10/test/horse/0026.png,268
cifar10/test/horse/0740.png,7343
cifar10/test/horse/0973.png,9723
cifar10/test/horse/0967.png,9682
cifar10/test/horse/0797.png,7966
cifar10/test/horse/0783.png,7814
cifar10/test/horse/0218.png,2297
cifar10/test/horse/0230.png,2395
cifar10/test/horse/0556.png,5527
cifar10/test/horse/0542.png,5371
cifar10/test/horse/0224.png,2337
cifar10/test/horse/0595.png,5842
cifar10/test/horse/0597.png,5858
cifar10/test/horse/0583.png,5767
cifar10/test/horse/0554.png,5508
cifar10/test/horse/0232.png,2430
cifar10/test/horse/0226.png,2358
cifar10/test/horse/0540.png,5363
cifar10/test/horse/0568.png,5637
cifar10/test/horse/0795.png,7963
cifar10/test/horse/0781.png,7762
cifar10/test/horse/0959.png,9595
cifar10/test/horse/0971.png,9710
cifar10/test/horse/0030.png,326
cifar10/test/horse/0742.png,7379
cifar10/test/horse/0024.png,228
cifar10/test/horse/0018.png,198
cifar10/test/horse/0187.png,1941
cifar10/test/horse/0839.png,8437
cifar10/test/horse/0193.png,1984
cifar10/test/horse/0805.png,8052
cifar10/test/horse/0811.png,8093
cifar10/test/horse/0144.png,1473
cifar10/test/horse/0622.png,6144
cifar10/test/horse/0636.png,6276
cifar10/test/horse/0150.png,1520
cifar10/test/horse/0178.png,1839
cifar10/test/horse/0385.png,3896
cifar10/test/horse/0391.png,3953
cifar10/test/horse/0420.png,4183
cifar10/test/horse/0346.png,3482
cifar10/test/horse/0352.png,3592
cifar10/test/horse/0434.png,4339
cifar10/test/horse/0409.png,4063
cifar10/test/horse/0353.png,3599
cifar10/test/horse/0435.png,4354
cifar10/test/horse/0347.png,3561
cifar10/test/horse/0390.png,3944
cifar10/test/horse/0384.png,3894
cifar10/test/horse/0179.png,1845
cifar10/test/horse/0637.png,6303
cifar10/test/horse/0151.png,1521
cifar10/test/horse/0145.png,1476
cifar10/test/horse/0623.png,6149
cifar10/test/horse/0810.png,8091
cifar10/test/horse/0804.png,8050
cifar10/test/horse/0192.png,1967
cifar10/test/horse/0186.png,1934
cifar10/test/horse/0838.png,8419
cifar10/test/horse/0019.png,203
cifar10/test/horse/0743.png,7380
cifar10/test/horse/0025.png,263
cifar10/test/horse/0031.png,339
cifar10/test/horse/0757.png,7514
cifar10/test/horse/0964.png,9651
cifar10/test/horse/0970.png,9702
cifar10/test/horse/0958.png,9587
cifar10/test/horse/0780.png,7758
cifar10/test/horse/0794.png,7935
cifar10/test/horse/0569.png,5644
cifar10/test/horse/0227.png,2360
cifar10/test/horse/0555.png,5509
cifar10/test/horse/0582.png,5764
cifar10/test/horse/0596.png,5855
cifar10/test/horse/0592.png,5818
cifar10/test/horse/0586.png,5778
cifar10/test/horse/0237.png,2505
cifar10/test/horse/0551.png,5465
cifar10/test/horse/0223.png,2328
cifar10/test/horse/0960.png,9599
cifar10/test/horse/0790.png,7888
cifar10/test/horse/0784.png,7823
cifar10/test/horse/0009.png,83
cifar10/test/horse/0753.png,7478
cifar10/test/horse/0035.png,377
cifar10/test/horse/0021.png,210
cifar10/test/horse/0747.png,7426
cifar10/test/horse/0800.png,7996
cifar10/test/horse/0814.png,8124
cifar10/test/horse/0182.png,1865
cifar10/test/horse/0196.png,2010
cifar10/test/horse/0828.png,8320
cifar10/test/horse/0627.png,6209
cifar10/test/horse/0141.png,1469
cifar10/test/horse/0155.png,1576
cifar10/test/horse/0633.png,6234
cifar10/test/horse/0380.png,3879
cifar10/test/horse/0394.png,3983
cifar10/test/horse/0419.png,4178
cifar10/test/horse/0343.png,3470
cifar10/test/horse/0425.png,4267
cifar10/test/horse/0431.png,4326
cifar10/test/horse/0357.png,3665
cifar10/test/horse/0430.png,4311
cifar10/test/horse/0356.png,3657
cifar10/test/horse/0342.png,3461
cifar10/test/horse/0424.png,4240
cifar10/test/horse/0418.png,4158
cifar10/test/horse/0395.png,3985
cifar10/test/horse/0381.png,3881
cifar10/test/horse/0154.png,1566
cifar10/test/horse/0632.png,6233
cifar10/test/horse/0626.png,6164
cifar10/test/horse/0140.png,1466
cifar10/test/horse/0168.png,1708
cifar10/test/horse/0197.png,2028
cifar10/test/horse/0829.png,8327
cifar10/test/horse/0183.png,1878
cifar10/test/horse/0815.png,8128
cifar10/test/horse/0801.png,8004
cifar10/test/horse/0020.png,208
cifar10/test/horse/0746.png,7406
cifar10/test/horse/0752.png,7456
cifar10/test/horse/0034.png,375
cifar10/test/horse/0008.png,69
cifar10/test/horse/0785.png,7837
cifar10/test/horse/0949.png,9468
cifar10/test/horse/0791.png,7899
cifar10/test/horse/0961.png,9607
cifar10/test/horse/0975.png,9752
cifar10/test/horse/0544.png,5406
cifar10/test/horse/0222.png,2326
cifar10/test/horse/0550.png,5464
cifar10/test/horse/0578.png,5698
cifar10/test/horse/0587.png,5780
cifar10/test/horse/0593.png,5824
cifar10/test/horse/0585.png,5775
cifar10/test/horse/0591.png,5811
cifar10/test/horse/0208.png,2152
cifar10/test/horse/0220.png,2319
cifar10/test/horse/0546.png,5435
cifar10/test/horse/0552.png,5481
cifar10/test/horse/0234.png,2470
cifar10/test/horse/0977.png,9768
cifar10/test/horse/0787.png,7859
cifar10/test/horse/0793.png,7927
cifar10/test/horse/0778.png,7751
cifar10/test/horse/0744.png,7388
cifar10/test/horse/0022.png,216
cifar10/test/horse/0036.png,386
cifar10/test/horse/0988.png,9913
cifar10/test/horse/0750.png,7442
cifar10/test/horse/0817.png,8142
cifar10/test/horse/0803.png,8042
cifar10/test/horse/0195.png,2006
cifar10/test/horse/0618.png,6076
cifar10/test/horse/0630.png,6223
cifar10/test/horse/0156.png,1584
cifar10/test/horse/0142.png,1470
cifar10/test/horse/0624.png,6151
cifar10/test/horse/0397.png,3995
cifar10/test/horse/0383.png,3890
cifar10/test/horse/0368.png,3786
cifar10/test/horse/0354.png,3639
cifar10/test/horse/0432.png,4332
cifar10/test/horse/0426.png,4272
cifar10/test/horse/0340.png,3417
cifar10/test/horse/0427.png,4281
cifar10/test/horse/0341.png,3437
cifar10/test/horse/0355.png,3648
cifar10/test/horse/0433.png,4333
cifar10/test/horse/0369.png,3788
cifar10/test/horse/0382.png,3883
cifar10/test/horse/0396.png,3986
cifar10/test/horse/0143.png,1472
cifar10/test/horse/0625.png,6158
cifar10/test/horse/0631.png,6227
cifar10/test/horse/0157.png,1585
cifar10/test/horse/0619.png,6089
cifar10/test/horse/0180.png,1849
cifar10/test/horse/0194.png,2004
cifar10/test/horse/0802.png,8029
cifar10/test/horse/0816.png,8135
cifar10/test/horse/0751.png,7443
cifar10/test/horse/0989.png,9923
cifar10/test/horse/0745.png,7405
cifar10/test/horse/0023.png,220
cifar10/test/horse/0779.png,7755
cifar10/test/horse/0792.png,7914
cifar10/test/horse/0786.png,7847
cifar10/test/horse/0976.png,9757
cifar10/test/horse/0962.png,9631
cifar10/test/horse/0235.png,2481
cifar10/test/horse/0547.png,5438
cifar10/test/horse/0209.png,2163
cifar10/test/horse/0590.png,5795
cifar10/test/horse/0584.png,5768
cifar10/test/horse/0285.png,2965
cifar10/test/horse/0291.png,3040
cifar10/test/horse/0246.png,2626
cifar10/test/horse/0520.png,5221
cifar10/test/horse/0534.png,5326
cifar10/test/horse/0508.png,5097
cifar10/test/horse/0939.png,9390
cifar10/test/horse/0093.png,879
cifar10/test/horse/0722.png,7187
cifar10/test/horse/0044.png,452
cifar10/test/horse/0050.png,523
cifar10/test/horse/0736.png,7288
cifar10/test/horse/0695.png,6926
cifar10/test/horse/0859.png,8656
cifar10/test/horse/0681.png,6678
cifar10/test/horse/0871.png,8737
cifar10/test/horse/0865.png,8706
cifar10/test/horse/0130.png,1351
cifar10/test/horse/0124.png,1250
cifar10/test/horse/0642.png,6325
cifar10/test/horse/0118.png,1201
cifar10/test/horse/0497.png,5006
cifar10/test/horse/0483.png,4905
cifar10/test/horse/0332.png,3345
cifar10/test/horse/0454.png,4612
cifar10/test/horse/0440.png,4412
cifar10/test/horse/0326.png,3316
cifar10/test/horse/0468.png,4707
cifar10/test/horse/0469.png,4728
cifar10/test/horse/0441.png,4432
cifar10/test/horse/0333.png,3359
cifar10/test/horse/0455.png,4620
cifar10/test/horse/0119.png,1209
cifar10/test/horse/0125.png,1296
cifar10/test/horse/0643.png,6326
cifar10/test/horse/0657.png,6448
cifar10/test/horse/0131.png,1360
cifar10/test/horse/0864.png,8685
cifar10/test/horse/0870.png,8733
cifar10/test/horse/0680.png,6667
cifar10/test/horse/0858.png,8641
cifar10/test/horse/0694.png,6910
cifar10/test/horse/0079.png,800
cifar10/test/horse/0051.png,541
cifar10/test/horse/0737.png,7293
cifar10/test/horse/0723.png,7191
cifar10/test/horse/0045.png,468
cifar10/test/horse/0910.png,9210
cifar10/test/horse/0904.png,9140
cifar10/test/horse/0092.png,867
cifar10/test/horse/0938.png,9385
cifar10/test/horse/0086.png,840
cifar10/test/horse/0509.png,5103
cifar10/test/horse/0535.png,5330
cifar10/test/horse/0253.png,2663
cifar10/test/horse/0247.png,2627
cifar10/test/horse/0290.png,3031
cifar10/test/horse/0284.png,2959
cifar10/test/horse/0292.png,3044
cifar10/test/horse/0286.png,2967
cifar10/test/horse/0251.png,2657
cifar10/test/horse/0537.png,5346
cifar10/test/horse/0523.png,5247
cifar10/test/horse/0245.png,2619
cifar10/test/horse/0279.png,2895
cifar10/test/horse/0090.png,856
cifar10/test/horse/0084.png,824
cifar10/test/horse/0912.png,9222
cifar10/test/horse/0906.png,9167
cifar10/test/horse/0735.png,7281
cifar10/test/horse/0053.png,561
cifar10/test/horse/0047.png,475
cifar10/test/horse/0709.png,7070
cifar10/test/horse/0682.png,6721
cifar10/test/horse/0696.png,6935
cifar10/test/horse/0866.png,8708
cifar10/test/horse/0872.png,8759
cifar10/test/horse/0899.png,9081
cifar10/test/horse/0127.png,1320
cifar10/test/horse/0133.png,1391
cifar10/test/horse/0655.png,6416
cifar10/test/horse/0669.png,6573
cifar10/test/horse/0480.png,4878
cifar10/test/horse/0494.png,4993
cifar10/test/horse/0325.png,3311
cifar10/test/horse/0443.png,4479
cifar10/test/horse/0331.png,3337
cifar10/test/horse/0319.png,3266
cifar10/test/horse/0318.png,3260
cifar10/test/horse/0456.png,4629
cifar10/test/horse/0330.png,3332
cifar10/test/horse/0324.png,3308
cifar10/test/horse/0442.png,4456
cifar10/test/horse/0495.png,4994
cifar10/test/horse/0481.png,4892
cifar10/test/horse/0668.png,6539
cifar10/test/horse/0132.png,1379
cifar10/test/horse/0654.png,6404
cifar10/test/horse/0898.png,9071
cifar10/test/horse/0126.png,1299
cifar10/test/horse/0873.png,8767
cifar10/test/horse/0867.png,8710
cifar10/test/horse/0697.png,6954
cifar10/test/horse/0683.png,6745
cifar10/test/horse/0708.png,7040
cifar10/test/horse/0046.png,471
cifar10/test/horse/0720.png,7167
cifar10/test/horse/0734.png,7271
cifar10/test/horse/0052.png,543
cifar10/test/horse/0907.png,9184
cifar10/test/horse/0913.png,9231
cifar10/test/horse/0091.png,858
cifar10/test/horse/0278.png,2891
cifar10/test/horse/0522.png,5246
cifar10/test/horse/0244.png,2615
cifar10/test/horse/0250.png,2652
cifar10/test/horse/0536.png,5333
cifar10/test/horse/0287.png,3002
cifar10/test/horse/0293.png,3060
cifar10/test/horse/0283.png,2945
cifar10/test/horse/0268.png,2791
cifar10/test/horse/0532.png,5319
cifar10/test/horse/0254.png,2677
cifar10/test/horse/0526.png,5287
cifar10/test/horse/0917.png,9252
cifar10/test/horse/0903.png,9135
cifar10/test/horse/0095.png,897
cifar10/test/horse/0081.png,808
cifar10/test/horse/0718.png,7153
cifar10/test/horse/0056.png,578
cifar10/test/horse/0724.png,7192
cifar10/test/horse/0042.png,435
cifar10/test/horse/0863.png,8683
cifar10/test/horse/0877.png,8821
cifar10/test/horse/0687.png,6791
cifar10/test/horse/0693.png,6883
cifar10/test/horse/0678.png,6632
cifar10/test/horse/0122.png,1236
cifar10/test/horse/0644.png,6338
cifar10/test/horse/0650.png,6368
cifar10/test/horse/0888.png,8949
cifar10/test/horse/0136.png,1415
cifar10/test/horse/0485.png,4923
cifar10/test/horse/0446.png,4503
cifar10/test/horse/0320.png,3269
cifar10/test/horse/0334.png,3367
cifar10/test/horse/0452.png,4592
cifar10/test/horse/0335.png,3377
cifar10/test/horse/0453.png,4596
cifar10/test/horse/0321.png,3272
cifar10/test/horse/0309.png,3196
cifar10/test/horse/0490.png,4967
cifar10/test/horse/0484.png,4920
cifar10/test/horse/0889.png,8957
cifar10/test/horse/0651.png,6384
cifar10/test/horse/0137.png,1426
cifar10/test/horse/0123.png,1246
cifar10/test/horse/0645.png,6354
cifar10/test/horse/0679.png,6657
cifar10/test/horse/0692.png,6876
cifar10/test/horse/0876.png,8816
cifar10/test/horse/0862.png,8675
cifar10/test/horse/0725.png,7195
cifar10/test/horse/0043.png,445
cifar10/test/horse/0057.png,596
cifar10/test/horse/0731.png,7242
cifar10/test/horse/0719.png,7158
cifar10/test/horse/0080.png,803
cifar10/test/horse/0094.png,892
cifar10/test/horse/0902.png,9103
cifar10/test/horse/0916.png,9244
cifar10/test/horse/0241.png,2560
cifar10/test/horse/0533.png,5320
cifar10/test/horse/0255.png,2682
cifar10/test/horse/0269.png,2796
cifar10/test/horse/0282.png,2930
cifar10/test/horse/0296.png,3082
cifar10/test/horse/0280.png,2904
cifar10/test/horse/0294.png,3061
cifar10/test/horse/0519.png,5211
cifar10/test/horse/0525.png,5273
cifar10/test/horse/0243.png,2586
cifar10/test/horse/0257.png,2710
cifar10/test/horse/0531.png,5314
cifar10/test/horse/0900.png,9091
cifar10/test/horse/0082.png,809
cifar10/test/horse/0096.png,905
cifar10/test/horse/0069.png,732
cifar10/test/horse/0041.png,433
cifar10/test/horse/0727.png,7223
cifar10/test/horse/0733.png,7269
cifar10/test/horse/0055.png,571
cifar10/test/horse/0860.png,8660
cifar10/test/horse/0848.png,8560
cifar10/test/horse/0690.png,6844
cifar10/test/horse/0684.png,6762
cifar10/test/horse/0109.png,1107
cifar10/test/horse/0135.png,1402
cifar10/test/horse/0653.png,6390
cifar10/test/horse/0647.png,6357
cifar10/test/horse/0121.png,1224
cifar10/test/horse/0492.png,4984
cifar10/test/horse/0486.png,4924
cifar10/test/horse/0479.png,4871
cifar10/test/horse/0451.png,4583
cifar10/test/horse/0337.png,3405
cifar10/test/horse/0323.png,3283
cifar10/test/horse/0322.png,3277
cifar10/test/horse/0444.png,4489
cifar10/test/horse/0450.png,4563
cifar10/test/horse/0336.png,3384
cifar10/test/horse/1000.png,9999
cifar10/test/horse/0478.png,4856
cifar10/test/horse/0487.png,4926
cifar10/test/horse/0493.png,4990
cifar10/test/horse/0646.png,6356
cifar10/test/horse/0120.png,1215
cifar10/test/horse/0134.png,1398
cifar10/test/horse/0652.png,6388
cifar10/test/horse/0108.png,1100
cifar10/test/horse/0685.png,6780
cifar10/test/horse/0691.png,6870
cifar10/test/horse/0849.png,8565
cifar10/test/horse/0861.png,8672
cifar10/test/horse/0875.png,8793
cifar10/test/horse/0732.png,7251
cifar10/test/horse/0054.png,567
cifar10/test/horse/0040.png,419
cifar10/test/horse/0726.png,7219
cifar10/test/horse/0068.png,713
cifar10/test/horse/0929.png,9313
cifar10/test/horse/0097.png,934
cifar10/test/horse/0083.png,812
cifar10/test/horse/0915.png,9242
cifar10/test/horse/0901.png,9102
cifar10/test/horse/0530.png,5305
cifar10/test/horse/0524.png,5250
cifar10/test/horse/0242.png,2583
cifar10/test/horse/0518.png,5209
cifar10/test/horse/0295.png,3071
cifar10/test/horse/0281.png,2908
cifar10/test/ship/0298.png,2837
cifar10/test/ship/0267.png,2480
cifar10/test/ship/0501.png,4944
cifar10/test/ship/0515.png,5140
cifar10/test/ship/0273.png,2533
cifar10/test/ship/0529.png,5342
cifar10/test/ship/0918.png,9200
cifar10/test/ship/0703.png,7217
cifar10/test/ship/0065.png,612
cifar10/test/ship/0071.png,683
cifar10/test/ship/0717.png,7392
cifar10/test/ship/0059.png,519
cifar10/test/ship/0878.png,8843
cifar10/test/ship/0850.png,8567
cifar10/test/ship/0844.png,8530
cifar10/test/ship/0111.png,1044
cifar10/test/ship/0105.png,996
cifar10/test/ship/0663.png,6765
cifar10/test/ship/0893.png,8968
cifar10/test/ship/0139.png,1264
cifar10/test/ship/0887.png,8896
cifar10/test/ship/0313.png,2962
cifar10/test/ship/0475.png,4599
cifar10/test/ship/0461.png,4486
cifar10/test/ship/0307.png,2921
cifar10/test/ship/0449.png,4351
cifar10/test/ship/0448.png,4348
cifar10/test/ship/0460.png,4459
cifar10/test/ship/0306.png,2919
cifar10/test/ship/0312.png,2957
cifar10/test/ship/0474.png,4585
cifar10/test/ship/0138.png,1263
cifar10/test/ship/0886.png,8892
cifar10/test/ship/0892.png,8951
cifar10/test/ship/0104.png,992
cifar10/test/ship/0662.png,6758
cifar10/test/ship/0676.png,6937
cifar10/test/ship/0110.png,1011
cifar10/test/ship/0851.png,8581
cifar10/test/ship/0879.png,8867
cifar10/test/ship/0058.png,516
cifar10/test/ship/0070.png,665
cifar10/test/ship/0716.png,7361
cifar10/test/ship/0702.png,7194
cifar10/test/ship/0064.png,600
cifar10/test/ship/0931.png,9291
cifar10/test/ship/0925.png,9266
cifar10/test/ship/0919.png,9203
cifar10/test/ship/0528.png,5338
cifar10/test/ship/0514.png,5138
cifar10/test/ship/0272.png,2527
cifar10/test/ship/0266.png,2476
cifar10/test/ship/0299.png,2847
cifar10/test/ship/0270.png,2503
cifar10/test/ship/0516.png,5142
cifar10/test/ship/0502.png,4961
cifar10/test/ship/0264.png,2458
cifar10/test/ship/0258.png,2424
cifar10/test/ship/0927.png,9275
cifar10/test/ship/0714.png,7353
cifar10/test/ship/0072.png,694
cifar10/test/ship/0066.png,613
cifar10/test/ship/0700.png,7185
cifar10/test/ship/0728.png,7468
cifar10/test/ship/0847.png,8546
cifar10/test/ship/0853.png,8602
cifar10/test/ship/0660.png,6751
cifar10/test/ship/0106.png,999
cifar10/test/ship/0112.png,1059
cifar10/test/ship/0884.png,8888
cifar10/test/ship/0648.png,6684
cifar10/test/ship/0890.png,8921
cifar10/test/ship/0489.png,4787
cifar10/test/ship/0304.png,2898
cifar10/test/ship/0462.png,4492
cifar10/test/ship/0476.png,4609
cifar10/test/ship/0310.png,2941
cifar10/test/ship/0338.png,3206
cifar10/test/ship/0339.png,3226
cifar10/test/ship/0477.png,4621
cifar10/test/ship/0311.png,2953
cifar10/test/ship/0305.png,2910
cifar10/test/ship/0463.png,4494
cifar10/test/ship/0488.png,4769
cifar10/test/ship/0891.png,8939
cifar10/test/ship/0649.png,6689
cifar10/test/ship/0113.png,1075
cifar10/test/ship/0675.png,6914
cifar10/test/ship/0661.png,6754
cifar10/test/ship/0107.png,1002
cifar10/test/ship/0852.png,8583
cifar10/test/ship/0846.png,8541
cifar10/test/ship/0729.png,7485
cifar10/test/ship/0067.png,615
cifar10/test/ship/0701.png,7193
cifar10/test/ship/0715.png,7358
cifar10/test/ship/0098.png,926
cifar10/test/ship/0926.png,9274
cifar10/test/ship/0932.png,9296
cifar10/test/ship/0259.png,2429
cifar10/test/ship/0503.png,4972
cifar10/test/ship/0265.png,2471
cifar10/test/ship/0271.png,2511
cifar10/test/ship/0517.png,5188
cifar10/test/ship/0249.png,2354
cifar10/test/ship/0513.png,5110
cifar10/test/ship/0275.png,2546
cifar10/test/ship/0261.png,2437
cifar10/test/ship/0507.png,5034
cifar10/test/ship/0088.png,823
cifar10/test/ship/0936.png,9361
cifar10/test/ship/0922.png,9233
cifar10/test/ship/0739.png,7575
cifar10/test/ship/0077.png,711
cifar10/test/ship/0711.png,7303
cifar10/test/ship/0705.png,7231
cifar10/test/ship/0063.png,588
cifar10/test/ship/0842.png,8516
cifar10/test/ship/0856.png,8614
cifar10/test/ship/0881.png,8875
cifar10/test/ship/0895.png,8975
cifar10/test/ship/0103.png,985
cifar10/test/ship/0665.png,6776
cifar10/test/ship/0671.png,6831
cifar10/test/ship/0117.png,1111
cifar10/test/ship/0498.png,4910
cifar10/test/ship/0329.png,3109
cifar10/test/ship/0467.png,4512
cifar10/test/ship/0301.png,2874
cifar10/test/ship/0315.png,2994
cifar10/test/ship/0473.png,4582
cifar10/test/ship/0314.png,2980
cifar10/test/ship/0472.png,4568
cifar10/test/ship/0466.png,4498
cifar10/test/ship/0300.png,2870
cifar10/test/ship/0328.png,3108
cifar10/test/ship/0670.png,6829
cifar10/test/ship/0116.png,1102
cifar10/test/ship/0102.png,977
cifar10/test/ship/0664.png,6766
cifar10/test/ship/0894.png,8969
cifar10/test/ship/0880.png,8872
cifar10/test/ship/0658.png,6743
cifar10/test/ship/0857.png,8644
cifar10/test/ship/0843.png,8520
cifar10/test/ship/0062.png,582
cifar10/test/ship/0076.png,709
cifar10/test/ship/0710.png,7296
cifar10/test/ship/0738.png,7564
cifar10/test/ship/0923.png,9239
cifar10/test/ship/0089.png,852
cifar10/test/ship/0937.png,9370
cifar10/test/ship/0260.png,2431
cifar10/test/ship/0506.png,5020
cifar10/test/ship/0512.png,5104
cifar10/test/ship/0274.png,2539
cifar10/test/ship/0248.png,2347
cifar10/test/ship/0289.png,2705
cifar10/test/ship/0538.png,5485
cifar10/test/ship/0504.png,4986
cifar10/test/ship/0262.png,2451
cifar10/test/ship/0510.png,5088
cifar10/test/ship/0921.png,9220
cifar10/test/ship/0935.png,9347
cifar10/test/ship/0909.png,9105
cifar10/test/ship/0048.png,401
cifar10/test/ship/0060.png,552
cifar10/test/ship/0706.png,7247
cifar10/test/ship/0712.png,7307
cifar10/test/ship/0074.png,703
cifar10/test/ship/0855.png,8608
cifar10/test/ship/0841.png,8515
cifar10/test/ship/0699.png,7176
cifar10/test/ship/0869.png,8732
cifar10/test/ship/0128.png,1205
cifar10/test/ship/0896.png,8994
cifar10/test/ship/0882.png,8878
cifar10/test/ship/0114.png,1091
cifar10/test/ship/0672.png,6839
cifar10/test/ship/0666.png,6779
cifar10/test/ship/0470.png,4539
cifar10/test/ship/0316.png,2996
cifar10/test/ship/0302.png,2893
cifar10/test/ship/0464.png,4496
cifar10/test/ship/0303.png,2896
cifar10/test/ship/0465.png,4497
cifar10/test/ship/0471.png,4566
cifar10/test/ship/0317.png,3008
cifar10/test/ship/0459.png,4455
cifar10/test/ship/0667.png,6794
cifar10/test/ship/0101.png,959
cifar10/test/ship/0115.png,1101
cifar10/test/ship/0673.png,6847
cifar10/test/ship/0129.png,1213
cifar10/test/ship/0897.png,9000
cifar10/test/ship/0840.png,8507
cifar10/test/ship/0854.png,8607
cifar10/test/ship/0713.png,7320
cifar10/test/ship/0075.png,708
cifar10/test/ship/0061.png,576
cifar10/test/ship/0707.png,7250
cifar10/test/ship/0049.png,403
cifar10/test/ship/0934.png,9343
cifar10/test/ship/0920.png,9206
cifar10/test/ship/0277.png,2574
cifar10/test/ship/0511.png,5095
cifar10/test/ship/0505.png,5002
cifar10/test/ship/0263.png,2456
cifar10/test/ship/0539.png,5500
cifar10/test/ship/0288.png,2692
cifar10/test/ship/0589.png,6070
cifar10/test/ship/0562.png,5770
cifar10/test/ship/0204.png,1874
cifar10/test/ship/0576.png,5954
cifar10/test/ship/0947.png,9472
cifar10/test/ship/0006.png,54
cifar10/test/ship/0774.png,7977
cifar10/test/ship/0984.png,9867
cifar10/test/ship/0990.png,9914
cifar10/test/ship/0748.png,7653
cifar10/test/ship/0827.png,8377
cifar10/test/ship/0199.png,1843
cifar10/test/ship/0172.png,1557
cifar10/test/ship/0614.png,6348
cifar10/test/ship/0600.png,6217
cifar10/test/ship/0166.png,1508
cifar10/test/ship/0628.png,6453
cifar10/test/ship/0416.png,4079
cifar10/test/ship/0370.png,3586
cifar10/test/ship/0364.png,3521
cifar10/test/ship/0402.png,3938
cifar10/test/ship/0358.png,3423
cifar10/test/ship/0359.png,3430
cifar10/test/ship/0365.png,3531
cifar10/test/ship/0403.png,3946
cifar10/test/ship/0417.png,4083
cifar10/test/ship/0371.png,3625
cifar10/test/ship/0601.png,6231
cifar10/test/ship/0167.png,1510
cifar10/test/ship/0173.png,1600
cifar10/test/ship/0615.png,6366
cifar10/test/ship/0826.png,8373
cifar10/test/ship/0198.png,1840
cifar10/test/ship/0832.png,8411
cifar10/test/ship/0749.png,7655
cifar10/test/ship/0991.png,9929
cifar10/test/ship/0775.png,7984
cifar10/test/ship/0013.png,92
cifar10/test/ship/0007.png,55
cifar10/test/ship/0761.png,7790
cifar10/test/ship/0952.png,9508
cifar10/test/ship/0946.png,9466
cifar10/test/ship/0239.png,2227
cifar10/test/ship/0211.png,1938
cifar10/test/ship/0577.png,5972
cifar10/test/ship/0563.png,5777
cifar10/test/ship/0205.png,1886
cifar10/test/ship/0588.png,6067
cifar10/test/ship/0213.png,1946
cifar10/test/ship/0207.png,1895
cifar10/test/ship/0561.png,5766
cifar10/test/ship/0549.png,5621
cifar10/test/ship/0978.png,9806
cifar10/test/ship/0788.png,8120
cifar10/test/ship/0950.png,9490
cifar10/test/ship/0944.png,9440
cifar10/test/ship/0011.png,80
cifar10/test/ship/0777.png,8011
cifar10/test/ship/0763.png,7796
cifar10/test/ship/0005.png,51
cifar10/test/ship/0993.png,9932
cifar10/test/ship/0039.png,310
cifar10/test/ship/0818.png,8290
cifar10/test/ship/0824.png,8339
cifar10/test/ship/0830.png,8407
cifar10/test/ship/0165.png,1499
cifar10/test/ship/0603.png,6244
cifar10/test/ship/0617.png,6379
cifar10/test/ship/0171.png,1556
cifar10/test/ship/0159.png,1459
cifar10/test/ship/0398.png,3871
cifar10/test/ship/0401.png,3937
cifar10/test/ship/0367.png,3552
cifar10/test/ship/0373.png,3641
cifar10/test/ship/0415.png,4068
cifar10/test/ship/0429.png,4165
cifar10/test/ship/0428.png,4145
cifar10/test/ship/0372.png,3630
cifar10/test/ship/0414.png,4024
cifar10/test/ship/0400.png,3912
cifar10/test/ship/0366.png,3537
cifar10/test/ship/0399.png,3886
cifar10/test/ship/0158.png,1447
cifar10/test/ship/0616.png,6376
cifar10/test/ship/0170.png,1540
cifar10/test/ship/0164.png,1497
cifar10/test/ship/0602.png,6238
cifar10/test/ship/0825.png,8361
cifar10/test/ship/0819.png,8294
cifar10/test/ship/0986.png,9889
cifar10/test/ship/0992.png,9930
cifar10/test/ship/0762.png,7793
cifar10/test/ship/0004.png,18
cifar10/test/ship/0010.png,79
cifar10/test/ship/0776.png,7995
cifar10/test/ship/0945.png,9451
cifar10/test/ship/0951.png,9491
cifar10/test/ship/0789.png,8125
cifar10/test/ship/0548.png,5619
cifar10/test/ship/0206.png,1891
cifar10/test/ship/0560.png,5758
cifar10/test/ship/0574.png,5920
cifar10/test/ship/0212.png,1943
cifar10/test/ship/0558.png,5747
cifar10/test/ship/0216.png,1994
cifar10/test/ship/0570.png,5879
cifar10/test/ship/0564.png,5791
cifar10/test/ship/0955.png,9568
cifar10/test/ship/0799.png,8177
cifar10/test/ship/0941.png,9405
cifar10/test/ship/0969.png,9720
cifar10/test/ship/0996.png,9955
cifar10/test/ship/0028.png,199
cifar10/test/ship/0772.png,7949
cifar10/test/ship/0014.png,108
cifar10/test/ship/0766.png,7833
cifar10/test/ship/0821.png,8311
cifar10/test/ship/0835.png,8439
cifar10/test/ship/0809.png,8234
cifar10/test/ship/0148.png,1347
cifar10/test/ship/0606.png,6285
cifar10/test/ship/0160.png,1471
cifar10/test/ship/0174.png,1613
cifar10/test/ship/0612.png,6343
cifar10/test/ship/0389.png,3821
cifar10/test/ship/0438.png,4254
cifar10/test/ship/0362.png,3515
cifar10/test/ship/0404.png,3950
cifar10/test/ship/0410.png,4006
cifar10/test/ship/0376.png,3683
cifar10/test/ship/0411.png,4008
cifar10/test/ship/0377.png,3686
cifar10/test/ship/0363.png,3519
cifar10/test/ship/0405.png,3961
cifar10/test/ship/0439.png,4256
cifar10/test/ship/0388.png,3817
cifar10/test/ship/0175.png,1632
cifar10/test/ship/0613.png,6346
cifar10/test/ship/0607.png,6286
cifar10/test/ship/0161.png,1482
cifar10/test/ship/0149.png,1349
cifar10/test/ship/0808.png,8229
cifar10/test/ship/0834.png,8431
cifar10/test/ship/0820.png,8303
cifar10/test/ship/0001.png,1
cifar10/test/ship/0767.png,7860
cifar10/test/ship/0773.png,7968
cifar10/test/ship/0015.png,120
cifar10/test/ship/0983.png,9864
cifar10/test/ship/0997.png,9963
cifar10/test/ship/0029.png,202
cifar10/test/ship/0968.png,9719
cifar10/test/ship/0940.png,9398
cifar10/test/ship/0798.png,8159
cifar10/test/ship/0954.png,9538
cifar10/test/ship/0565.png,5793
cifar10/test/ship/0217.png,1998
cifar10/test/ship/0571.png,5892
cifar10/test/ship/0598.png,6208
cifar10/test/ship/0229.png,2139
cifar10/test/ship/0201.png,1860
cifar10/test/ship/0567.png,5821
cifar10/test/ship/0573.png,5898
cifar10/test/ship/0215.png,1983
cifar10/test/ship/0942.png,9412
cifar10/test/ship/0956.png,9572
cifar10/test/ship/0981.png,9834
cifar10/test/ship/0759.png,7768
cifar10/test/ship/0995.png,9948
cifar10/test/ship/0765.png,7832
cifar10/test/ship/0017.png,126
cifar10/test/ship/0771.png,7934
cifar10/test/ship/0836.png,8441
cifar10/test/ship/0188.png,1742
cifar10/test/ship/0639.png,6540
cifar10/test/ship/0611.png,6342
cifar10/test/ship/0177.png,1655
cifar10/test/ship/0163.png,1490
cifar10/test/ship/0605.png,6280
cifar10/test/ship/0349.png,3318
cifar10/test/ship/0375.png,3653
cifar10/test/ship/0413.png,4020
cifar10/test/ship/0407.png,3974
cifar10/test/ship/0361.png,3502
cifar10/test/ship/0406.png,3968
cifar10/test/ship/0360.png,3476
cifar10/test/ship/0374.png,3643
cifar10/test/ship/0412.png,4014
cifar10/test/ship/0348.png,3303
cifar10/test/ship/0162.png,1488
cifar10/test/ship/0604.png,6262
cifar10/test/ship/0610.png,6321
cifar10/test/ship/0176.png,1648
cifar10/test/ship/0638.png,6526
cifar10/test/ship/0823.png,8329
cifar10/test/ship/0837.png,8460
cifar10/test/ship/0189.png,1750
cifar10/test/ship/0016.png,124
cifar10/test/ship/0770.png,7922
cifar10/test/ship/0764.png,7808
cifar10/test/ship/0002.png,2
cifar10/test/ship/0994.png,9936
cifar10/test/ship/0758.png,7765
cifar10/test/ship/0980.png,9814
cifar10/test/ship/0943.png,9418
cifar10/test/ship/0572.png,5896
cifar10/test/ship/0214.png,1968
cifar10/test/ship/0200.png,1856
cifar10/test/ship/0566.png,5814
cifar10/test/ship/0228.png,2135
cifar10/test/ship/0599.png,6211
cifar10/test/ship/0594.png,6141
cifar10/test/ship/0543.png,5548
cifar10/test/ship/0225.png,2052
cifar10/test/ship/0231.png,2156
cifar10/test/ship/0557.png,5729
cifar10/test/ship/0219.png,2014
cifar10/test/ship/0782.png,8046
cifar10/test/ship/0796.png,8154
cifar10/test/ship/0966.png,9697
cifar10/test/ship/0972.png,9769
cifar10/test/ship/0027.png,197
cifar10/test/ship/0755.png,7706
cifar10/test/ship/0769.png,7913
cifar10/test/ship/0190.png,1772
cifar10/test/ship/0812.png,8254
cifar10/test/ship/0806.png,8226
cifar10/test/ship/0153.png,1383
cifar10/test/ship/0635.png,6489
cifar10/test/ship/0621.png,6412
cifar10/test/ship/0147.png,1331
cifar10/test/ship/0609.png,6296
cifar10/test/ship/0392.png,3842
cifar10/test/ship/0386.png,3807
cifar10/test/ship/0437.png,4251
cifar10/test/ship/0345.png,3279
cifar10/test/ship/0423.png,4115
cifar10/test/ship/0379.png,3698
cifar10/test/ship/0378.png,3695
cifar10/test/ship/0344.png,3273
cifar10/test/ship/0422.png,4103
cifar10/test/ship/0436.png,4242
cifar10/test/ship/0350.png,3331
cifar10/test/ship/0387.png,3813
cifar10/test/ship/0393.png,3848
cifar10/test/ship/0608.png,6295
cifar10/test/ship/0620.png,6411
cifar10/test/ship/0146.png,1311
cifar10/test/ship/0152.png,1369
cifar10/test/ship/0634.png,6486
cifar10/test/ship/0813.png,8256
cifar10/test/ship/0191.png,1778
cifar10/test/ship/0768.png,7868
cifar10/test/ship/0754.png,7695
cifar10/test/ship/0032.png,233
cifar10/test/ship/0026.png,196
cifar10/test/ship/0740.png,7576
cifar10/test/ship/0998.png,9986
cifar10/test/ship/0973.png,9784
cifar10/test/ship/0967.png,9713
cifar10/test/ship/0797.png,8158
cifar10/test/ship/0783.png,8067
cifar10/test/ship/0218.png,2007
cifar10/test/ship/0230.png,2153
cifar10/test/ship/0556.png,5688
cifar10/test/ship/0542.png,5531
cifar10/test/ship/0581.png,6000
cifar10/test/ship/0597.png,6181
cifar10/test/ship/0583.png,6030
cifar10/test/ship/0554.png,5663
cifar10/test/ship/0232.png,2159
cifar10/test/ship/0226.png,2064
cifar10/test/ship/0540.png,5503
cifar10/test/ship/0568.png,5836
cifar10/test/ship/0795.png,8152
cifar10/test/ship/0781.png,8041
cifar10/test/ship/0959.png,9611
cifar10/test/ship/0971.png,9736
cifar10/test/ship/0965.png,9680
cifar10/test/ship/0030.png,214
cifar10/test/ship/0756.png,7707
cifar10/test/ship/0024.png,185
cifar10/test/ship/0018.png,132
cifar10/test/ship/0187.png,1729
cifar10/test/ship/0839.png,8501
cifar10/test/ship/0193.png,1805
cifar10/test/ship/0811.png,8246
cifar10/test/ship/0144.png,1286
cifar10/test/ship/0622.png,6414
cifar10/test/ship/0636.png,6490
cifar10/test/ship/0150.png,1358
cifar10/test/ship/0178.png,1659
cifar10/test/ship/0385.png,3803
cifar10/test/ship/0391.png,3834
cifar10/test/ship/0420.png,4095
cifar10/test/ship/0346.png,3289
cifar10/test/ship/0352.png,3357
cifar10/test/ship/0434.png,4223
cifar10/test/ship/0408.png,3994
cifar10/test/ship/0353.png,3366
cifar10/test/ship/0435.png,4229
cifar10/test/ship/0421.png,4096
cifar10/test/ship/0347.png,3301
cifar10/test/ship/0390.png,3829
cifar10/test/ship/0179.png,1671
cifar10/test/ship/0637.png,6524
cifar10/test/ship/0151.png,1366
cifar10/test/ship/0145.png,1294
cifar10/test/ship/0623.png,6424
cifar10/test/ship/0810.png,8239
cifar10/test/ship/0192.png,1783
cifar10/test/ship/0186.png,1721
cifar10/test/ship/0838.png,8470
cifar10/test/ship/0019.png,144
cifar10/test/ship/0743.png,7600
cifar10/test/ship/0025.png,191
cifar10/test/ship/0031.png,218
cifar10/test/ship/0757.png,7724
cifar10/test/ship/0964.png,9669
cifar10/test/ship/0970.png,9725
cifar10/test/ship/0958.png,9604
cifar10/test/ship/0780.png,8018
cifar10/test/ship/0794.png,8151
cifar10/test/ship/0569.png,5847
cifar10/test/ship/0227.png,2118
cifar10/test/ship/0555.png,5672
cifar10/test/ship/0233.png,2169
cifar10/test/ship/0582.png,6028
cifar10/test/ship/0596.png,6179
cifar10/test/ship/0592.png,6124
cifar10/test/ship/0586.png,6049
cifar10/test/ship/0237.png,2217
cifar10/test/ship/0551.png,5628
cifar10/test/ship/0545.png,5610
cifar10/test/ship/0974.png,9785
cifar10/test/ship/0960.png,9617
cifar10/test/ship/0790.png,8132
cifar10/test/ship/0948.png,9474
cifar10/test/ship/0784.png,8075
cifar10/test/ship/0009.png,73
cifar10/test/ship/0753.png,7688
cifar10/test/ship/0035.png,260
cifar10/test/ship/0021.png,164
cifar10/test/ship/0747.png,7643
cifar10/test/ship/0814.png,8259
cifar10/test/ship/0182.png,1685
cifar10/test/ship/0196.png,1826
cifar10/test/ship/0828.png,8379
cifar10/test/ship/0169.png,1532
cifar10/test/ship/0141.png,1279
cifar10/test/ship/0155.png,1419
cifar10/test/ship/0633.png,6484
cifar10/test/ship/0380.png,3705
cifar10/test/ship/0394.png,3854
cifar10/test/ship/0419.png,4086
cifar10/test/ship/0343.png,3270
cifar10/test/ship/0431.png,4198
cifar10/test/ship/0357.png,3403
cifar10/test/ship/0430.png,4196
cifar10/test/ship/0356.png,3385
cifar10/test/ship/0424.png,4124
cifar10/test/ship/0418.png,4085
cifar10/test/ship/0395.png,3858
cifar10/test/ship/0381.png,3718
cifar10/test/ship/0632.png,6474
cifar10/test/ship/0626.png,6433
cifar10/test/ship/0168.png,1512
cifar10/test/ship/0197.png,1833
cifar10/test/ship/0829.png,8393
cifar10/test/ship/0815.png,8269
cifar10/test/ship/0801.png,8186
cifar10/test/ship/0020.png,150
cifar10/test/ship/0746.png,7637
cifar10/test/ship/0752.png,7682
cifar10/test/ship/0034.png,242
cifar10/test/ship/0008.png,72
cifar10/test/ship/0785.png,8101
cifar10/test/ship/0949.png,9476
cifar10/test/ship/0791.png,8133
cifar10/test/ship/0961.png,9619
cifar10/test/ship/0975.png,9787
cifar10/test/ship/0544.png,5586
cifar10/test/ship/0222.png,2043
cifar10/test/ship/0236.png,2198
cifar10/test/ship/0550.png,5623
cifar10/test/ship/0578.png,5989
cifar10/test/ship/0587.png,6052
cifar10/test/ship/0593.png,6125
cifar10/test/ship/0585.png,6045
cifar10/test/ship/0591.png,6115
cifar10/test/ship/0208.png,1897
cifar10/test/ship/0220.png,2021
cifar10/test/ship/0546.png,5612
cifar10/test/ship/0552.png,5648
cifar10/test/ship/0234.png,2194
cifar10/test/ship/0963.png,9655
cifar10/test/ship/0977.png,9792
cifar10/test/ship/0787.png,8117
cifar10/test/ship/0793.png,8146
cifar10/test/ship/0778.png,8013
cifar10/test/ship/0744.png,7601
cifar10/test/ship/0022.png,166
cifar10/test/ship/0036.png,265
cifar10/test/ship/0988.png,9900
cifar10/test/ship/0750.png,7675
cifar10/test/ship/0817.png,8287
cifar10/test/ship/0803.png,8195
cifar10/test/ship/0195.png,1820
cifar10/test/ship/0181.png,1683
cifar10/test/ship/0618.png,6395
cifar10/test/ship/0630.png,6466
cifar10/test/ship/0156.png,1422
cifar10/test/ship/0142.png,1281
cifar10/test/ship/0397.png,3870
cifar10/test/ship/0368.png,3562
cifar10/test/ship/0354.png,3380
cifar10/test/ship/0426.png,4141
cifar10/test/ship/0340.png,3233
cifar10/test/ship/0341.png,3243
cifar10/test/ship/0355.png,3383
cifar10/test/ship/0433.png,4222
cifar10/test/ship/0369.png,3585
cifar10/test/ship/0382.png,3729
cifar10/test/ship/0396.png,3869
cifar10/test/ship/0143.png,1284
cifar10/test/ship/0625.png,6432
cifar10/test/ship/0619.png,6402
cifar10/test/ship/0194.png,1809
cifar10/test/ship/0802.png,8189
cifar10/test/ship/0816.png,8278
cifar10/test/ship/0037.png,274
cifar10/test/ship/0751.png,7678
cifar10/test/ship/0989.png,9908
cifar10/test/ship/0745.png,7621
cifar10/test/ship/0023.png,173
cifar10/test/ship/0779.png,8015
cifar10/test/ship/0792.png,8137
cifar10/test/ship/0786.png,8106
cifar10/test/ship/0976.png,9790
cifar10/test/ship/0553.png,5662
cifar10/test/ship/0235.png,2196
cifar10/test/ship/0221.png,2039
cifar10/test/ship/0547.png,5614
cifar10/test/ship/0209.png,1900
cifar10/test/ship/0590.png,6112
cifar10/test/ship/0584.png,6039
cifar10/test/ship/0285.png,2624
cifar10/test/ship/0246.png,2295
cifar10/test/ship/0520.png,5207
cifar10/test/ship/0534.png,5418
cifar10/test/ship/0252.png,2380
cifar10/test/ship/0508.png,5073
cifar10/test/ship/0939.png,9389
cifar10/test/ship/0093.png,904
cifar10/test/ship/0905.png,9054
cifar10/test/ship/0911.png,9115
cifar10/test/ship/0722.png,7418
cifar10/test/ship/0044.png,358
cifar10/test/ship/0050.png,404
cifar10/test/ship/0736.png,7542
cifar10/test/ship/0078.png,712
cifar10/test/ship/0695.png,7088
cifar10/test/ship/0859.png,8655
cifar10/test/ship/0681.png,6968
cifar10/test/ship/0871.png,8760
cifar10/test/ship/0865.png,8701
cifar10/test/ship/0656.png,6734
cifar10/test/ship/0130.png,1216
cifar10/test/ship/0124.png,1159
cifar10/test/ship/0118.png,1113
cifar10/test/ship/0497.png,4881
cifar10/test/ship/0483.png,4695
cifar10/test/ship/0332.png,3140
cifar10/test/ship/0454.png,4397
cifar10/test/ship/0440.png,4258
cifar10/test/ship/0326.png,3089
cifar10/test/ship/0468.png,4517
cifar10/test/ship/0469.png,4533
cifar10/test/ship/0441.png,4260
cifar10/test/ship/0327.png,3106
cifar10/test/ship/0333.png,3151
cifar10/test/ship/0455.png,4403
cifar10/test/ship/0482.png,4692
cifar10/test/ship/0496.png,4870
cifar10/test/ship/0119.png,1122
cifar10/test/ship/0125.png,1160
cifar10/test/ship/0643.png,6594
cifar10/test/ship/0657.png,6737
cifar10/test/ship/0131.png,1218
cifar10/test/ship/0864.png,8696
cifar10/test/ship/0870.png,8757
cifar10/test/ship/0680.png,6961
cifar10/test/ship/0694.png,7072
cifar10/test/ship/0079.png,717
cifar10/test/ship/0051.png,408
cifar10/test/ship/0723.png,7441
cifar10/test/ship/0045.png,362
cifar10/test/ship/0910.png,9114
cifar10/test/ship/0904.png,9051
cifar10/test/ship/0092.png,880
cifar10/test/ship/0938.png,9371
cifar10/test/ship/0086.png,815
cifar10/test/ship/0509.png,5078
cifar10/test/ship/0535.png,5427
cifar10/test/ship/0253.png,2398
cifar10/test/ship/0247.png,2323
cifar10/test/ship/0521.png,5230
cifar10/test/ship/0290.png,2713
cifar10/test/ship/0284.png,2621
cifar10/test/ship/0292.png,2725
cifar10/test/ship/0286.png,2644
cifar10/test/ship/0251.png,2374
cifar10/test/ship/0537.png,5466
cifar10/test/ship/0523.png,5257
cifar10/test/ship/0245.png,2293
cifar10/test/ship/0279.png,2579
cifar10/test/ship/0090.png,859
cifar10/test/ship/0084.png,789
cifar10/test/ship/0912.png,9127
cifar10/test/ship/0906.png,9057
cifar10/test/ship/0735.png,7536
cifar10/test/ship/0047.png,385
cifar10/test/ship/0721.png,7414
cifar10/test/ship/0709.png,7261
cifar10/test/ship/0682.png,6975
cifar10/test/ship/0696.png,7106
cifar10/test/ship/0866.png,8704
cifar10/test/ship/0872.png,8762
cifar10/test/ship/0641.png,6556
cifar10/test/ship/0899.png,9012
cifar10/test/ship/0127.png,1200
cifar10/test/ship/0655.png,6730
cifar10/test/ship/0669.png,6810
cifar10/test/ship/0480.png,4651
cifar10/test/ship/0494.png,4865
cifar10/test/ship/0325.png,3079
cifar10/test/ship/0457.png,4428
cifar10/test/ship/0331.png,3138
cifar10/test/ship/0319.png,3037
cifar10/test/ship/0318.png,3021
cifar10/test/ship/0456.png,4409
cifar10/test/ship/0330.png,3123
cifar10/test/ship/0324.png,3078
cifar10/test/ship/0442.png,4280
cifar10/test/ship/0481.png,4670
cifar10/test/ship/0668.png,6798
cifar10/test/ship/0132.png,1223
cifar10/test/ship/0654.png,6725
cifar10/test/ship/0898.png,9010
cifar10/test/ship/0640.png,6541
cifar10/test/ship/0126.png,1164
cifar10/test/ship/0873.png,8785
cifar10/test/ship/0867.png,8717
cifar10/test/ship/0697.png,7142
cifar10/test/ship/0683.png,6987
cifar10/test/ship/0708.png,7252
cifar10/test/ship/0046.png,368
cifar10/test/ship/0720.png,7409
cifar10/test/ship/0734.png,7525
cifar10/test/ship/0052.png,469
cifar10/test/ship/0907.png,9083
cifar10/test/ship/0913.png,9130
cifar10/test/ship/0085.png,806
cifar10/test/ship/0091.png,875
cifar10/test/ship/0278.png,2578
cifar10/test/ship/0522.png,5249
cifar10/test/ship/0244.png,2284
cifar10/test/ship/0250.png,2356
cifar10/test/ship/0536.png,5457
cifar10/test/ship/0287.png,2687
cifar10/test/ship/0297.png,2799
cifar10/test/ship/0283.png,2604
cifar10/test/ship/0268.png,2492
cifar10/test/ship/0532.png,5383
cifar10/test/ship/0254.png,2399
cifar10/test/ship/0240.png,2245
cifar10/test/ship/0526.png,5294
cifar10/test/ship/0917.png,9183
cifar10/test/ship/0903.png,9028
cifar10/test/ship/0095.png,909
cifar10/test/ship/0081.png,722
cifar10/test/ship/0718.png,7396
cifar10/test/ship/0056.png,492
cifar10/test/ship/0724.png,7447
cifar10/test/ship/0042.png,344
cifar10/test/ship/0863.png,8690
cifar10/test/ship/0877.png,8838
cifar10/test/ship/0687.png,7030
cifar10/test/ship/0693.png,7060
cifar10/test/ship/0678.png,6950
cifar10/test/ship/0122.png,1142
cifar10/test/ship/0650.png,6691
cifar10/test/ship/0888.png,8905
cifar10/test/ship/0136.png,1259
cifar10/test/ship/0485.png,4720
cifar10/test/ship/0491.png,4812
cifar10/test/ship/0308.png,2927
cifar10/test/ship/0446.png,4317
cifar10/test/ship/0320.png,3042
cifar10/test/ship/0452.png,4385
cifar10/test/ship/0335.png,3182
cifar10/test/ship/0453.png,4389
cifar10/test/ship/0447.png,4347
cifar10/test/ship/0321.png,3046
cifar10/test/ship/0309.png,2935
cifar10/test/ship/0490.png,4807
cifar10/test/ship/0484.png,4709
cifar10/test/ship/0889.png,8913
cifar10/test/ship/0651.png,6702
cifar10/test/ship/0137.png,1262
cifar10/test/ship/0123.png,1153
cifar10/test/ship/0645.png,6610
cifar10/test/ship/0679.png,6952
cifar10/test/ship/0692.png,7055
cifar10/test/ship/0686.png,6999
cifar10/test/ship/0862.png,8688
cifar10/test/ship/0725.png,7459
cifar10/test/ship/0043.png,348
cifar10/test/ship/0057.png,495
cifar10/test/ship/0719.png,7404
cifar10/test/ship/0080.png,721
cifar10/test/ship/0094.png,908
cifar10/test/ship/0902.png,9023
cifar10/test/ship/0916.png,9176
cifar10/test/ship/0241.png,2254
cifar10/test/ship/0527.png,5325
cifar10/test/ship/0255.png,2418
cifar10/test/ship/0282.png,2600
cifar10/test/ship/0296.png,2790
cifar10/test/ship/0280.png,2591
cifar10/test/ship/0294.png,2737
cifar10/test/ship/0525.png,5277
cifar10/test/ship/0243.png,2266
cifar10/test/ship/0257.png,2421
cifar10/test/ship/0531.png,5365
cifar10/test/ship/0900.png,9015
cifar10/test/ship/0914.png,9158
cifar10/test/ship/0082.png,724
cifar10/test/ship/0928.png,9279
cifar10/test/ship/0096.png,917
cifar10/test/ship/0069.png,636
cifar10/test/ship/0041.png,337
cifar10/test/ship/0727.png,7464
cifar10/test/ship/0733.png,7515
cifar10/test/ship/0055.png,482
cifar10/test/ship/0874.png,8809
cifar10/test/ship/0848.png,8551
cifar10/test/ship/0690.png,7047
cifar10/test/ship/0109.png,1007
cifar10/test/ship/0135.png,1253
cifar10/test/ship/0653.png,6718
cifar10/test/ship/0647.png,6613
cifar10/test/ship/0121.png,1139
cifar10/test/ship/0492.png,4813
cifar10/test/ship/0486.png,4735
cifar10/test/ship/0479.png,4649
cifar10/test/ship/0451.png,4370
cifar10/test/ship/0337.png,3205
cifar10/test/ship/0445.png,4316
cifar10/test/ship/0322.png,3051
cifar10/test/ship/0444.png,4300
cifar10/test/ship/0450.png,4361
cifar10/test/ship/0336.png,3189
cifar10/test/ship/1000.png,9995
cifar10/test/ship/0478.png,4636
cifar10/test/ship/0487.png,4742
cifar10/test/ship/0493.png,4846
cifar10/test/ship/0652.png,6716
cifar10/test/ship/0108.png,1004
cifar10/test/ship/0685.png,6998
cifar10/test/ship/0691.png,7050
cifar10/test/ship/0849.png,8561
cifar10/test/ship/0861.png,8679
cifar10/test/ship/0875.png,8826
cifar10/test/ship/0732.png,7510
cifar10/test/ship/0054.png,480
cifar10/test/ship/0040.png,312
cifar10/test/ship/0726.png,7462
cifar10/test/ship/0068.png,633
cifar10/test/ship/0929.png,9285
cifar10/test/ship/0083.png,757
cifar10/test/ship/0915.png,9175
cifar10/test/ship/0901.png,9018
cifar10/test/ship/0256.png,2420
cifar10/test/ship/0530.png,5355
cifar10/test/ship/0524.png,5263
cifar10/test/ship/0242.png,2265
cifar10/test/ship/0518.png,5197
cifar10/test/ship/0295.png,2745
cifar10/test/ship/0281.png,2593
cifar10/test/truck/0298.png,2944
cifar10/test/truck/0267.png,2596
cifar10/test/truck/0501.png,4867
cifar10/test/truck/0515.png,5041
cifar10/test/truck/0273.png,2714
cifar10/test/truck/0529.png,5143
cifar10/test/truck/0918.png,9247
cifar10/test/truck/0703.png,7100
cifar10/test/truck/0065.png,554
cifar10/test/truck/0071.png,591
cifar10/test/truck/0717.png,7297
cifar10/test/truck/0059.png,508
cifar10/test/truck/0878.png,8931
cifar10/test/truck/0850.png,8652
cifar10/test/truck/0688.png,6951
cifar10/test/truck/0844.png,8518
cifar10/test/truck/0677.png,6846
cifar10/test/truck/0111.png,1060
cifar10/test/truck/0105.png,967
cifar10/test/truck/0663.png,6681
cifar10/test/truck/0893.png,9062
cifar10/test/truck/0139.png,1317
cifar10/test/truck/0887.png,8998
cifar10/test/truck/0313.png,3133
cifar10/test/truck/0475.png,4681
cifar10/test/truck/0461.png,4521
cifar10/test/truck/0307.png,3081
cifar10/test/truck/0449.png,4417
cifar10/test/truck/0448.png,4410
cifar10/test/truck/0460.png,4518
cifar10/test/truck/0306.png,3062
cifar10/test/truck/0312.png,3128
cifar10/test/truck/0138.png,1314
cifar10/test/truck/0886.png,8995
cifar10/test/truck/0104.png,960
cifar10/test/truck/0662.png,6672
cifar10/test/truck/0676.png,6840
cifar10/test/truck/0110.png,1008
cifar10/test/truck/0845.png,8521
cifar10/test/truck/0689.png,6960
cifar10/test/truck/0851.png,8670
cifar10/test/truck/0879.png,8936
cifar10/test/truck/0058.png,507
cifar10/test/truck/0070.png,589
cifar10/test/truck/0716.png,7270
cifar10/test/truck/0702.png,7076
cifar10/test/truck/0064.png,545
cifar10/test/truck/0931.png,9349
cifar10/test/truck/0925.png,9299
cifar10/test/truck/0919.png,9249
cifar10/test/truck/0528.png,5137
cifar10/test/truck/0514.png,5028
cifar10/test/truck/0272.png,2703
cifar10/test/truck/0266.png,2571
cifar10/test/truck/0500.png,4866
cifar10/test/truck/0299.png,2946
cifar10/test/truck/0270.png,2693
cifar10/test/truck/0516.png,5054
cifar10/test/truck/0502.png,4872
cifar10/test/truck/0264.png,2552
cifar10/test/truck/0258.png,2497
cifar10/test/truck/0933.png,9362
cifar10/test/truck/0099.png,922
cifar10/test/truck/0927.png,9312
cifar10/test/truck/0714.png,7234
cifar10/test/truck/0072.png,609
cifar10/test/truck/0066.png,566
cifar10/test/truck/0700.png,7073
cifar10/test/truck/0728.png,7451
cifar10/test/truck/0847.png,8585
cifar10/test/truck/0853.png,8686
cifar10/test/truck/0660.png,6642
cifar10/test/truck/0106.png,969
cifar10/test/truck/0674.png,6811
cifar10/test/truck/0884.png,8980
cifar10/test/truck/0648.png,6485
cifar10/test/truck/0890.png,9032
cifar10/test/truck/0489.png,4779
cifar10/test/truck/0304.png,3036
cifar10/test/truck/0462.png,4536
cifar10/test/truck/0476.png,4704
cifar10/test/truck/0310.png,3121
cifar10/test/truck/0338.png,3295
cifar10/test/truck/0339.png,3305
cifar10/test/truck/0311.png,3126
cifar10/test/truck/0305.png,3055
cifar10/test/truck/0463.png,4540
cifar10/test/truck/0488.png,4770
cifar10/test/truck/0891.png,9037
cifar10/test/truck/0649.png,6509
cifar10/test/truck/0885.png,8985
cifar10/test/truck/0113.png,1066
cifar10/test/truck/0675.png,6814
cifar10/test/truck/0661.png,6649
cifar10/test/truck/0107.png,970
cifar10/test/truck/0852.png,8673
cifar10/test/truck/0846.png,8575
cifar10/test/truck/0729.png,7461
cifar10/test/truck/0067.png,568
cifar10/test/truck/0715.png,7249
cifar10/test/truck/0098.png,921
cifar10/test/truck/0926.png,9303
cifar10/test/truck/0932.png,9357
cifar10/test/truck/0503.png,4874
cifar10/test/truck/0265.png,2568
cifar10/test/truck/0271.png,2700
cifar10/test/truck/0517.png,5063
cifar10/test/truck/0249.png,2460
cifar10/test/truck/0513.png,4979
cifar10/test/truck/0275.png,2743
cifar10/test/truck/0261.png,2521
cifar10/test/truck/0507.png,4931
cifar10/test/truck/0088.png,744
cifar10/test/truck/0936.png,9382
cifar10/test/truck/0922.png,9280
cifar10/test/truck/0739.png,7547
cifar10/test/truck/0077.png,651
cifar10/test/truck/0711.png,7218
cifar10/test/truck/0063.png,538
cifar10/test/truck/0842.png,8512
cifar10/test/truck/0856.png,8727
cifar10/test/truck/0659.png,6637
cifar10/test/truck/0895.png,9069
cifar10/test/truck/0103.png,951
cifar10/test/truck/0665.png,6724
cifar10/test/truck/0671.png,6784
cifar10/test/truck/0117.png,1106
cifar10/test/truck/0498.png,4851
cifar10/test/truck/0329.png,3210
cifar10/test/truck/0467.png,4588
cifar10/test/truck/0301.png,2960
cifar10/test/truck/0315.png,3145
cifar10/test/truck/0314.png,3141
cifar10/test/truck/0466.png,4570
cifar10/test/truck/0300.png,2954
cifar10/test/truck/0328.png,3208
cifar10/test/truck/0499.png,4852
cifar10/test/truck/0670.png,6755
cifar10/test/truck/0116.png,1104
cifar10/test/truck/0102.png,940
cifar10/test/truck/0664.png,6686
cifar10/test/truck/0894.png,9067
cifar10/test/truck/0880.png,8946
cifar10/test/truck/0658.png,6603
cifar10/test/truck/0857.png,8731
cifar10/test/truck/0843.png,8513
cifar10/test/truck/0704.png,7113
cifar10/test/truck/0062.png,532
cifar10/test/truck/0076.png,644
cifar10/test/truck/0710.png,7198
cifar10/test/truck/0738.png,7543
cifar10/test/truck/0923.png,9283
cifar10/test/truck/0089.png,750
cifar10/test/truck/0937.png,9383
cifar10/test/truck/0260.png,2517
cifar10/test/truck/0506.png,4929
cifar10/test/truck/0512.png,4977
cifar10/test/truck/0274.png,2727
cifar10/test/truck/0248.png,2446
cifar10/test/truck/0289.png,2873
cifar10/test/truck/0504.png,4904
cifar10/test/truck/0262.png,2528
cifar10/test/truck/0276.png,2744
cifar10/test/truck/0510.png,4952
cifar10/test/truck/0921.png,9270
cifar10/test/truck/0935.png,9378
cifar10/test/truck/0909.png,9199
cifar10/test/truck/0048.png,415
cifar10/test/truck/0060.png,517
cifar10/test/truck/0712.png,7220
cifar10/test/truck/0074.png,625
cifar10/test/truck/0855.png,8726
cifar10/test/truck/0841.png,8506
cifar10/test/truck/0699.png,7067
cifar10/test/truck/0869.png,8871
cifar10/test/truck/0128.png,1231
cifar10/test/truck/0882.png,8953
cifar10/test/truck/0114.png,1068
cifar10/test/truck/0672.png,6795
cifar10/test/truck/0666.png,6735
cifar10/test/truck/0100.png,923
cifar10/test/truck/0458.png,4508
cifar10/test/truck/0470.png,4597
cifar10/test/truck/0316.png,3154
cifar10/test/truck/0302.png,2974
cifar10/test/truck/0464.png,4550
cifar10/test/truck/0303.png,2975
cifar10/test/truck/0465.png,4569
cifar10/test/truck/0471.png,4619
cifar10/test/truck/0317.png,3156
cifar10/test/truck/0459.png,4514
cifar10/test/truck/0667.png,6741
cifar10/test/truck/0101.png,938
cifar10/test/truck/0115.png,1082
cifar10/test/truck/0673.png,6804
cifar10/test/truck/0883.png,8972
cifar10/test/truck/0897.png,9085
cifar10/test/truck/0868.png,8864
cifar10/test/truck/0698.png,7058
cifar10/test/truck/0840.png,8499
cifar10/test/truck/0854.png,8693
cifar10/test/truck/0713.png,7232
cifar10/test/truck/0075.png,626
cifar10/test/truck/0061.png,530
cifar10/test/truck/0707.png,7155
cifar10/test/truck/0908.png,9177
cifar10/test/truck/0934.png,9367
cifar10/test/truck/0920.png,9258
cifar10/test/truck/0277.png,2754
cifar10/test/truck/0511.png,4971
cifar10/test/truck/0505.png,4928
cifar10/test/truck/0263.png,2534
cifar10/test/truck/0539.png,5276
cifar10/test/truck/0589.png,5916
cifar10/test/truck/0204.png,2008
cifar10/test/truck/0210.png,2111
cifar10/test/truck/0576.png,5737
cifar10/test/truck/0947.png,9494
cifar10/test/truck/0006.png,38
cifar10/test/truck/0760.png,7699
cifar10/test/truck/0774.png,7824
cifar10/test/truck/0012.png,133
cifar10/test/truck/0984.png,9777
cifar10/test/truck/0990.png,9854
cifar10/test/truck/0748.png,7613
cifar10/test/truck/0833.png,8434
cifar10/test/truck/0827.png,8380
cifar10/test/truck/0199.png,1924
cifar10/test/truck/0172.png,1695
cifar10/test/truck/0614.png,6136
cifar10/test/truck/0600.png,5967
cifar10/test/truck/0166.png,1643
cifar10/test/truck/0628.png,6256
cifar10/test/truck/0416.png,4018
cifar10/test/truck/0370.png,3644
cifar10/test/truck/0364.png,3564
cifar10/test/truck/0358.png,3501
cifar10/test/truck/0359.png,3504
cifar10/test/truck/0365.png,3569
cifar10/test/truck/0403.png,3911
cifar10/test/truck/0371.png,3655
cifar10/test/truck/0629.png,6267
cifar10/test/truck/0601.png,5974
cifar10/test/truck/0167.png,1653
cifar10/test/truck/0615.png,6139
cifar10/test/truck/0826.png,8355
cifar10/test/truck/0198.png,1916
cifar10/test/truck/0832.png,8430
cifar10/test/truck/0991.png,9868
cifar10/test/truck/0775.png,7826
cifar10/test/truck/0013.png,136
cifar10/test/truck/0761.png,7710
cifar10/test/truck/0946.png,9492
cifar10/test/truck/0239.png,2336
cifar10/test/truck/0211.png,2116
cifar10/test/truck/0577.png,5759
cifar10/test/truck/0563.png,5521
cifar10/test/truck/0588.png,5902
cifar10/test/truck/0575.png,5736
cifar10/test/truck/0213.png,2129
cifar10/test/truck/0207.png,2027
cifar10/test/truck/0561.png,5498
cifar10/test/truck/0549.png,5391
cifar10/test/truck/0788.png,7955
cifar10/test/truck/0950.png,9517
cifar10/test/truck/0944.png,9463
cifar10/test/truck/0777.png,7872
cifar10/test/truck/0763.png,7739
cifar10/test/truck/0005.png,34
cifar10/test/truck/0993.png,9875
cifar10/test/truck/0987.png,9817
cifar10/test/truck/0039.png,350
cifar10/test/truck/0818.png,8276
cifar10/test/truck/0824.png,8345
cifar10/test/truck/0830.png,8413
cifar10/test/truck/0165.png,1639
cifar10/test/truck/0603.png,5980
cifar10/test/truck/0617.png,6143
cifar10/test/truck/0171.png,1692
cifar10/test/truck/0159.png,1582
cifar10/test/truck/0398.png,3853
cifar10/test/truck/0401.png,3893
cifar10/test/truck/0367.png,3609
cifar10/test/truck/0373.png,3676
cifar10/test/truck/0415.png,3999
cifar10/test/truck/0429.png,4252
cifar10/test/truck/0428.png,4235
cifar10/test/truck/0372.png,3670
cifar10/test/truck/0414.png,3982
cifar10/test/truck/0400.png,3873
cifar10/test/truck/0366.png,3577
cifar10/test/truck/0399.png,3856
cifar10/test/truck/0158.png,1563
cifar10/test/truck/0170.png,1689
cifar10/test/truck/0164.png,1630
cifar10/test/truck/0831.png,8426
cifar10/test/truck/0825.png,8350
cifar10/test/truck/0819.png,8285
cifar10/test/truck/0986.png,9796
cifar10/test/truck/0038.png,349
cifar10/test/truck/0992.png,9871
cifar10/test/truck/0762.png,7729
cifar10/test/truck/0004.png,28
cifar10/test/truck/0010.png,76
cifar10/test/truck/0776.png,7844
cifar10/test/truck/0951.png,9518
cifar10/test/truck/0789.png,7967
cifar10/test/truck/0979.png,9743
cifar10/test/truck/0548.png,5360
cifar10/test/truck/0206.png,2020
cifar10/test/truck/0560.png,5494
cifar10/test/truck/0574.png,5720
cifar10/test/truck/0212.png,2126
cifar10/test/truck/0558.png,5484
cifar10/test/truck/0216.png,2148
cifar10/test/truck/0570.png,5608
cifar10/test/truck/0564.png,5542
cifar10/test/truck/0202.png,1987
cifar10/test/truck/0955.png,9545
cifar10/test/truck/0799.png,8065
cifar10/test/truck/0941.png,9409
cifar10/test/truck/0969.png,9674
cifar10/test/truck/0982.png,9773
cifar10/test/truck/0772.png,7806
cifar10/test/truck/0014.png,139
cifar10/test/truck/0766.png,7767
cifar10/test/truck/0821.png,8312
cifar10/test/truck/0835.png,8453
cifar10/test/truck/0809.png,8148
cifar10/test/truck/0148.png,1406
cifar10/test/truck/0606.png,6017
cifar10/test/truck/0160.png,1601
cifar10/test/truck/0174.png,1702
cifar10/test/truck/0612.png,6110
cifar10/test/truck/0389.png,3800
cifar10/test/truck/0438.png,4324
cifar10/test/truck/0404.png,3916
cifar10/test/truck/0410.png,3970
cifar10/test/truck/0376.png,3690
cifar10/test/truck/0411.png,3973
cifar10/test/truck/0377.png,3699
cifar10/test/truck/0363.png,3557
cifar10/test/truck/0405.png,3926
cifar10/test/truck/0439.png,4330
cifar10/test/truck/0388.png,3789
cifar10/test/truck/0175.png,1707
cifar10/test/truck/0613.png,6114
cifar10/test/truck/0607.png,6034
cifar10/test/truck/0161.png,1626
cifar10/test/truck/0149.png,1417
cifar10/test/truck/0834.png,8450
cifar10/test/truck/0820.png,8292
cifar10/test/truck/0001.png,11
cifar10/test/truck/0767.png,7770
cifar10/test/truck/0773.png,7818
cifar10/test/truck/0015.png,151
cifar10/test/truck/0983.png,9775
cifar10/test/truck/0997.png,9927
cifar10/test/truck/0029.png,252
cifar10/test/truck/0968.png,9673
cifar10/test/truck/0940.png,9403
cifar10/test/truck/0798.png,8057
cifar10/test/truck/0954.png,9529
cifar10/test/truck/0565.png,5554
cifar10/test/truck/0203.png,1997
cifar10/test/truck/0217.png,2150
cifar10/test/truck/0571.png,5627
cifar10/test/truck/0559.png,5488
cifar10/test/truck/0229.png,2244
cifar10/test/truck/0201.png,1980
cifar10/test/truck/0567.png,5579
cifar10/test/truck/0573.png,5674
cifar10/test/truck/0215.png,2143
cifar10/test/truck/0942.png,9445
cifar10/test/truck/0956.png,9552
cifar10/test/truck/0759.png,7694
cifar10/test/truck/0995.png,9884
cifar10/test/truck/0765.png,7753
cifar10/test/truck/0003.png,23
cifar10/test/truck/0017.png,170
cifar10/test/truck/0836.png,8459
cifar10/test/truck/0188.png,1844
cifar10/test/truck/0822.png,8323
cifar10/test/truck/0639.png,6374
cifar10/test/truck/0611.png,6107
cifar10/test/truck/0177.png,1732
cifar10/test/truck/0163.png,1629
cifar10/test/truck/0605.png,5988
cifar10/test/truck/0349.png,3395
cifar10/test/truck/0375.png,3687
cifar10/test/truck/0413.png,3980
cifar10/test/truck/0407.png,3957
cifar10/test/truck/0361.png,3542
cifar10/test/truck/0406.png,3939
cifar10/test/truck/0360.png,3516
cifar10/test/truck/0374.png,3684
cifar10/test/truck/0412.png,3979
cifar10/test/truck/0348.png,3368
cifar10/test/truck/0162.png,1627
cifar10/test/truck/0604.png,5982
cifar10/test/truck/0610.png,6101
cifar10/test/truck/0176.png,1727
cifar10/test/truck/0823.png,8332
cifar10/test/truck/0837.png,8465
cifar10/test/truck/0189.png,1853
cifar10/test/truck/0016.png,157
cifar10/test/truck/0770.png,7799
cifar10/test/truck/0002.png,14
cifar10/test/truck/0994.png,9881
cifar10/test/truck/0758.png,7686
cifar10/test/truck/0980.png,9754
cifar10/test/truck/0943.png,9449
cifar10/test/truck/0572.png,5660
cifar10/test/truck/0214.png,2140
cifar10/test/truck/0200.png,1927
cifar10/test/truck/0566.png,5573
cifar10/test/truck/0228.png,2240
cifar10/test/truck/0599.png,5966
cifar10/test/truck/0580.png,5772
cifar10/test/truck/0594.png,5950
cifar10/test/truck/0543.png,5311
cifar10/test/truck/0225.png,2190
cifar10/test/truck/0231.png,2271
cifar10/test/truck/0557.png,5455
cifar10/test/truck/0219.png,2158
cifar10/test/truck/0782.png,7923
cifar10/test/truck/0796.png,8051
cifar10/test/truck/0966.png,9658
cifar10/test/truck/0972.png,9706
cifar10/test/truck/0027.png,243
cifar10/test/truck/0999.png,9958
cifar10/test/truck/0741.png,7563
cifar10/test/truck/0755.png,7661
cifar10/test/truck/0033.png,285
cifar10/test/truck/0769.png,7792
cifar10/test/truck/0190.png,1881
cifar10/test/truck/0184.png,1831
cifar10/test/truck/0812.png,8178
cifar10/test/truck/0806.png,8143
cifar10/test/truck/0153.png,1439
cifar10/test/truck/0635.png,6313
cifar10/test/truck/0621.png,6176
cifar10/test/truck/0147.png,1387
cifar10/test/truck/0609.png,6095
cifar10/test/truck/0392.png,3818
cifar10/test/truck/0386.png,3770
cifar10/test/truck/0437.png,4298
cifar10/test/truck/0351.png,3409
cifar10/test/truck/0345.png,3347
cifar10/test/truck/0423.png,4168
cifar10/test/truck/0379.png,3732
cifar10/test/truck/0378.png,3727
cifar10/test/truck/0344.png,3344
cifar10/test/truck/0436.png,4297
cifar10/test/truck/0350.png,3397
cifar10/test/truck/0387.png,3776
cifar10/test/truck/0393.png,3833
cifar10/test/truck/0608.png,6059
cifar10/test/truck/0620.png,6167
cifar10/test/truck/0146.png,1384
cifar10/test/truck/0807.png,8144
cifar10/test/truck/0185.png,1834
cifar10/test/truck/0191.png,1889
cifar10/test/truck/0768.png,7786
cifar10/test/truck/0754.png,7642
cifar10/test/truck/0032.png,280
cifar10/test/truck/0740.png,7553
cifar10/test/truck/0998.png,9938
cifar10/test/truck/0973.png,9708
cifar10/test/truck/0967.png,9667
cifar10/test/truck/0797.png,8054
cifar10/test/truck/0783.png,7931
cifar10/test/truck/0218.png,2155
cifar10/test/truck/0230.png,2246
cifar10/test/truck/0556.png,5448
cifar10/test/truck/0542.png,5308
cifar10/test/truck/0224.png,2188
cifar10/test/truck/0595.png,5952
cifar10/test/truck/0581.png,5790
cifar10/test/truck/0597.png,5963
cifar10/test/truck/0583.png,5832
cifar10/test/truck/0554.png,5432
cifar10/test/truck/0226.png,2202
cifar10/test/truck/0540.png,5291
cifar10/test/truck/0568.png,5594
cifar10/test/truck/0781.png,7920
cifar10/test/truck/0959.png,9566
cifar10/test/truck/0971.png,9692
cifar10/test/truck/0030.png,253
cifar10/test/truck/0756.png,7665
cifar10/test/truck/0742.png,7566
cifar10/test/truck/0024.png,217
cifar10/test/truck/0018.png,171
cifar10/test/truck/0187.png,1841
cifar10/test/truck/0839.png,8488
cifar10/test/truck/0193.png,1896
cifar10/test/truck/0805.png,8127
cifar10/test/truck/0811.png,8162
cifar10/test/truck/0144.png,1370
cifar10/test/truck/0622.png,6186
cifar10/test/truck/0636.png,6317
cifar10/test/truck/0150.png,1424
cifar10/test/truck/0385.png,3769
cifar10/test/truck/0391.png,3812
cifar10/test/truck/0420.png,4091
cifar10/test/truck/0346.png,3358
cifar10/test/truck/0352.png,3438
cifar10/test/truck/0434.png,4284
cifar10/test/truck/0408.png,3958
cifar10/test/truck/0409.png,3964
cifar10/test/truck/0353.png,3450
cifar10/test/truck/0421.png,4098
cifar10/test/truck/0347.png,3365
cifar10/test/truck/0390.png,3805
cifar10/test/truck/0384.png,3755
cifar10/test/truck/0179.png,1792
cifar10/test/truck/0637.png,6337
cifar10/test/truck/0145.png,1376
cifar10/test/truck/0623.png,6188
cifar10/test/truck/0810.png,8149
cifar10/test/truck/0804.png,8116
cifar10/test/truck/0192.png,1893
cifar10/test/truck/0186.png,1837
cifar10/test/truck/0838.png,8475
cifar10/test/truck/0019.png,172
cifar10/test/truck/0743.png,7578
cifar10/test/truck/0025.png,222
cifar10/test/truck/0031.png,259
cifar10/test/truck/0757.png,7685
cifar10/test/truck/0964.png,9628
cifar10/test/truck/0970.png,9689
cifar10/test/truck/0958.png,9564
cifar10/test/truck/0780.png,7908
cifar10/test/truck/0794.png,8034
cifar10/test/truck/0569.png,5596
cifar10/test/truck/0227.png,2204
cifar10/test/truck/0541.png,5300
cifar10/test/truck/0555.png,5440
cifar10/test/truck/0233.png,2279
cifar10/test/truck/0582.png,5801
cifar10/test/truck/0596.png,5958
cifar10/test/truck/0586.png,5877
cifar10/test/truck/0579.png,5765
cifar10/test/truck/0237.png,2305
cifar10/test/truck/0545.png,5332
cifar10/test/truck/0223.png,2186
cifar10/test/truck/0974.png,9717
cifar10/test/truck/0960.png,9583
cifar10/test/truck/0790.png,7982
cifar10/test/truck/0948.png,9500
cifar10/test/truck/0784.png,7932
cifar10/test/truck/0009.png,50
cifar10/test/truck/0753.png,7640
cifar10/test/truck/0035.png,293
cifar10/test/truck/0021.png,175
cifar10/test/truck/0747.png,7603
cifar10/test/truck/0800.png,8066
cifar10/test/truck/0814.png,8218
cifar10/test/truck/0182.png,1815
cifar10/test/truck/0196.png,1914
cifar10/test/truck/0828.png,8385
cifar10/test/truck/0169.png,1668
cifar10/test/truck/0627.png,6218
cifar10/test/truck/0141.png,1357
cifar10/test/truck/0155.png,1475
cifar10/test/truck/0633.png,6290
cifar10/test/truck/0380.png,3738
cifar10/test/truck/0343.png,3339
cifar10/test/truck/0425.png,4193
cifar10/test/truck/0431.png,4255
cifar10/test/truck/0357.png,3492
cifar10/test/truck/0430.png,4253
cifar10/test/truck/0356.png,3469
cifar10/test/truck/0342.png,3314
cifar10/test/truck/0424.png,4191
cifar10/test/truck/0395.png,3841
cifar10/test/truck/0154.png,1465
cifar10/test/truck/0632.png,6289
cifar10/test/truck/0626.png,6207
cifar10/test/truck/0140.png,1344
cifar10/test/truck/0168.png,1654
cifar10/test/truck/0197.png,1915
cifar10/test/truck/0829.png,8406
cifar10/test/truck/0183.png,1824
cifar10/test/truck/0815.png,8225
cifar10/test/truck/0801.png,8068
cifar10/test/truck/0020.png,174
cifar10/test/truck/0746.png,7597
cifar10/test/truck/0752.png,7639
cifar10/test/truck/0034.png,289
cifar10/test/truck/0008.png,47
cifar10/test/truck/0785.png,7942
cifar10/test/truck/0949.png,9516
cifar10/test/truck/0791.png,7991
cifar10/test/truck/0961.png,9594
cifar10/test/truck/0544.png,5315
cifar10/test/truck/0222.png,2184
cifar10/test/truck/0236.png,2296
cifar10/test/truck/0578.png,5763
cifar10/test/truck/0587.png,5893
cifar10/test/truck/0593.png,5945
cifar10/test/truck/0585.png,5868
cifar10/test/truck/0208.png,2059
cifar10/test/truck/0220.png,2174
cifar10/test/truck/0552.png,5408
cifar10/test/truck/0234.png,2282
cifar10/test/truck/0963.png,9623
cifar10/test/truck/0977.png,9732
cifar10/test/truck/0787.png,7954
cifar10/test/truck/0793.png,8006
cifar10/test/truck/0778.png,7883
cifar10/test/truck/0744.png,7581
cifar10/test/truck/0022.png,209
cifar10/test/truck/0036.png,331
cifar10/test/truck/0988.png,9828
cifar10/test/truck/0750.png,7630
cifar10/test/truck/0803.png,8089
cifar10/test/truck/0195.png,1913
cifar10/test/truck/0181.png,1814
cifar10/test/truck/0618.png,6147
cifar10/test/truck/0630.png,6274
cifar10/test/truck/0156.png,1487
cifar10/test/truck/0624.png,6193
cifar10/test/truck/0397.png,3850
cifar10/test/truck/0383.png,3750
cifar10/test/truck/0368.png,3626
cifar10/test/truck/0354.png,3459
cifar10/test/truck/0432.png,4261
cifar10/test/truck/0426.png,4218
cifar10/test/truck/0340.png,3307
cifar10/test/truck/0427.png,4233
cifar10/test/truck/0341.png,3312
cifar10/test/truck/0355.png,3464
cifar10/test/truck/0433.png,4276
cifar10/test/truck/0382.png,3747
cifar10/test/truck/0396.png,3846
cifar10/test/truck/0143.png,1361
cifar10/test/truck/0625.png,6198
cifar10/test/truck/0631.png,6275
cifar10/test/truck/0157.png,1492
cifar10/test/truck/0619.png,6156
cifar10/test/truck/0180.png,1808
cifar10/test/truck/0194.png,1906
cifar10/test/truck/0802.png,8083
cifar10/test/truck/0816.png,8255
cifar10/test/truck/0037.png,335
cifar10/test/truck/0751.png,7635
cifar10/test/truck/0745.png,7592
cifar10/test/truck/0023.png,213
cifar10/test/truck/0779.png,7884
cifar10/test/truck/0792.png,8000
cifar10/test/truck/0976.png,9726
cifar10/test/truck/0962.png,9598
cifar10/test/truck/0553.png,5416
cifar10/test/truck/0235.png,2290
cifar10/test/truck/0221.png,2177
cifar10/test/truck/0547.png,5350
cifar10/test/truck/0209.png,2071
cifar10/test/truck/0590.png,5938
cifar10/test/truck/0584.png,5864
cifar10/test/truck/0291.png,2887
cifar10/test/truck/0246.png,2432
cifar10/test/truck/0520.png,5083
cifar10/test/truck/0534.png,5180
cifar10/test/truck/0252.png,2469
cifar10/test/truck/0939.png,9401
cifar10/test/truck/0087.png,734
cifar10/test/truck/0911.png,9207
cifar10/test/truck/0722.png,7407
cifar10/test/truck/0044.png,383
cifar10/test/truck/0050.png,442
cifar10/test/truck/0736.png,7522
cifar10/test/truck/0078.png,654
cifar10/test/truck/0695.png,7024
cifar10/test/truck/0859.png,8750
cifar10/test/truck/0681.png,6871
cifar10/test/truck/0871.png,8879
cifar10/test/truck/0865.png,8814
cifar10/test/truck/0656.png,6570
cifar10/test/truck/0130.png,1261
cifar10/test/truck/0642.png,6391
cifar10/test/truck/0118.png,1114
cifar10/test/truck/0497.png,4836
cifar10/test/truck/0483.png,4727
cifar10/test/truck/0332.png,3225
cifar10/test/truck/0454.png,4460
cifar10/test/truck/0440.png,4335
cifar10/test/truck/0326.png,3173
cifar10/test/truck/0468.png,4590
cifar10/test/truck/0469.png,4595
cifar10/test/truck/0441.png,4336
cifar10/test/truck/0333.png,3229
cifar10/test/truck/0455.png,4468
cifar10/test/truck/0482.png,4725
cifar10/test/truck/0496.png,4835
cifar10/test/truck/0119.png,1136
cifar10/test/truck/0125.png,1220
cifar10/test/truck/0643.png,6409
cifar10/test/truck/0657.png,6579
cifar10/test/truck/0131.png,1265
cifar10/test/truck/0864.png,8805
cifar10/test/truck/0870.png,8877
cifar10/test/truck/0680.png,6868
cifar10/test/truck/0694.png,7007
cifar10/test/truck/0079.png,660
cifar10/test/truck/0051.png,443
cifar10/test/truck/0737.png,7526
cifar10/test/truck/0723.png,7412
cifar10/test/truck/0045.png,394
cifar10/test/truck/0910.png,9204
cifar10/test/truck/0904.png,9143
cifar10/test/truck/0092.png,787
cifar10/test/truck/0938.png,9391
cifar10/test/truck/0086.png,733
cifar10/test/truck/0509.png,4945
cifar10/test/truck/0535.png,5192
cifar10/test/truck/0253.png,2482
cifar10/test/truck/0247.png,2433
cifar10/test/truck/0521.png,5087
cifar10/test/truck/0284.png,2817
cifar10/test/truck/0292.png,2899
cifar10/test/truck/0286.png,2854
cifar10/test/truck/0251.png,2467
cifar10/test/truck/0537.png,5248
cifar10/test/truck/0523.png,5094
cifar10/test/truck/0245.png,2407
cifar10/test/truck/0279.png,2765
cifar10/test/truck/0090.png,752
cifar10/test/truck/0084.png,707
cifar10/test/truck/0912.png,9209
cifar10/test/truck/0906.png,9159
cifar10/test/truck/0735.png,7512
cifar10/test/truck/0053.png,454
cifar10/test/truck/0047.png,411
cifar10/test/truck/0721.png,7385
cifar10/test/truck/0709.png,7179
cifar10/test/truck/0682.png,6882
cifar10/test/truck/0696.png,7028
cifar10/test/truck/0866.png,8830
cifar10/test/truck/0872.png,8891
cifar10/test/truck/0641.png,6381
cifar10/test/truck/0899.png,9099
cifar10/test/truck/0127.png,1222
cifar10/test/truck/0133.png,1285
cifar10/test/truck/0669.png,6752
cifar10/test/truck/0494.png,4815
cifar10/test/truck/0325.png,3172
cifar10/test/truck/0443.png,4363
cifar10/test/truck/0457.png,4481
cifar10/test/truck/0331.png,3218
cifar10/test/truck/0319.png,3161
cifar10/test/truck/0318.png,3157
cifar10/test/truck/0456.png,4480
cifar10/test/truck/0330.png,3213
cifar10/test/truck/0324.png,3170
cifar10/test/truck/0442.png,4338
cifar10/test/truck/0495.png,4827
cifar10/test/truck/0668.png,6749
cifar10/test/truck/0132.png,1282
cifar10/test/truck/0654.png,6561
cifar10/test/truck/0640.png,6377
cifar10/test/truck/0126.png,1221
cifar10/test/truck/0873.png,8908
cifar10/test/truck/0697.png,7046
cifar10/test/truck/0683.png,6891
cifar10/test/truck/0708.png,7170
cifar10/test/truck/0046.png,400
cifar10/test/truck/0720.png,7382
cifar10/test/truck/0734.png,7501
cifar10/test/truck/0052.png,451
cifar10/test/truck/0907.png,9174
cifar10/test/truck/0913.png,9214
cifar10/test/truck/0085.png,719
cifar10/test/truck/0091.png,780
cifar10/test/truck/0278.png,2756
cifar10/test/truck/0522.png,5092
cifar10/test/truck/0244.png,2402
cifar10/test/truck/0536.png,5202
cifar10/test/truck/0287.png,2866
cifar10/test/truck/0293.png,2902
cifar10/test/truck/0297.png,2932
cifar10/test/truck/0283.png,2810
cifar10/test/truck/0268.png,2656
cifar10/test/truck/0254.png,2491
cifar10/test/truck/0240.png,2355
cifar10/test/truck/0526.png,5120
cifar10/test/truck/0917.png,9238
cifar10/test/truck/0095.png,851
cifar10/test/truck/0081.png,680
cifar10/test/truck/0718.png,7350
cifar10/test/truck/0056.png,487
cifar10/test/truck/0730.png,7470
cifar10/test/truck/0724.png,7424
cifar10/test/truck/0042.png,372
cifar10/test/truck/0863.png,8797
cifar10/test/truck/0687.png,6936
cifar10/test/truck/0693.png,6983
cifar10/test/truck/0678.png,6848
cifar10/test/truck/0122.png,1175
cifar10/test/truck/0644.png,6419
cifar10/test/truck/0650.png,6522
cifar10/test/truck/0136.png,1298
cifar10/test/truck/0485.png,4758
cifar10/test/truck/0491.png,4791
cifar10/test/truck/0308.png,3086
cifar10/test/truck/0446.png,4380
cifar10/test/truck/0320.png,3163
cifar10/test/truck/0334.png,3237
cifar10/test/truck/0452.png,4445
cifar10/test/truck/0335.png,3253
cifar10/test/truck/0453.png,4449
cifar10/test/truck/0447.png,4396
cifar10/test/truck/0321.png,3166
cifar10/test/truck/0309.png,3099
cifar10/test/truck/0490.png,4789
cifar10/test/truck/0484.png,4737
cifar10/test/truck/0889.png,9026
cifar10/test/truck/0651.png,6542
cifar10/test/truck/0137.png,1305
cifar10/test/truck/0123.png,1177
cifar10/test/truck/0645.png,6435
cifar10/test/truck/0679.png,6852
cifar10/test/truck/0692.png,6974
cifar10/test/truck/0686.png,6932
cifar10/test/truck/0876.png,8927
cifar10/test/truck/0862.png,8796
cifar10/test/truck/0725.png,7431
cifar10/test/truck/0043.png,381
cifar10/test/truck/0057.png,504
cifar10/test/truck/0731.png,7491
cifar10/test/truck/0719.png,7362
cifar10/test/truck/0094.png,838
cifar10/test/truck/0902.png,9122
cifar10/test/truck/0241.png,2366
cifar10/test/truck/0527.png,5136
cifar10/test/truck/0533.png,5170
cifar10/test/truck/0255.png,2493
cifar10/test/truck/0269.png,2670
cifar10/test/truck/0282.png,2807
cifar10/test/truck/0296.png,2931
cifar10/test/truck/0280.png,2789
cifar10/test/truck/0294.png,2907
cifar10/test/truck/0525.png,5109
cifar10/test/truck/0243.png,2387
cifar10/test/truck/0257.png,2496
cifar10/test/truck/0531.png,5152
cifar10/test/truck/0900.png,9100
cifar10/test/truck/0914.png,9217
cifar10/test/truck/0082.png,684
cifar10/test/truck/0928.png,9320
cifar10/test/truck/0096.png,853
cifar10/test/truck/0069.png,585
cifar10/test/truck/0041.png,364
cifar10/test/truck/0733.png,7499
cifar10/test/truck/0055.png,486
cifar10/test/truck/0874.png,8915
cifar10/test/truck/0860.png,8758
cifar10/test/truck/0848.png,8615
cifar10/test/truck/0690.png,6963
cifar10/test/truck/0684.png,6897
cifar10/test/truck/0109.png,981
cifar10/test/truck/0135.png,1291
cifar10/test/truck/0653.png,6557
cifar10/test/truck/0647.png,6473
cifar10/test/truck/0121.png,1171
cifar10/test/truck/0492.png,4796
cifar10/test/truck/0486.png,4761
cifar10/test/truck/0451.png,4439
cifar10/test/truck/0337.png,3288
cifar10/test/truck/0323.png,3169
cifar10/test/truck/0445.png,4365
cifar10/test/truck/0322.png,3168
cifar10/test/truck/0450.png,4418
cifar10/test/truck/0336.png,3282
cifar10/test/truck/1000.png,9971
cifar10/test/truck/0478.png,4715
cifar10/test/truck/0493.png,4800
cifar10/test/truck/0646.png,6469
cifar10/test/truck/0652.png,6545
cifar10/test/truck/0108.png,979
cifar10/test/truck/0691.png,6971
cifar10/test/truck/0849.png,8624
cifar10/test/truck/0861.png,8763
cifar10/test/truck/0875.png,8922
cifar10/test/truck/0054.png,485
cifar10/test/truck/0040.png,360
cifar10/test/truck/0726.png,7444
cifar10/test/truck/0068.png,577
cifar10/test/truck/0929.png,9324
cifar10/test/truck/0097.png,884
cifar10/test/truck/0083.png,686
cifar10/test/truck/0915.png,9219
cifar10/test/truck/0901.png,9117
cifar10/test/truck/0256.png,2495
cifar10/test/truck/0530.png,5151
cifar10/test/truck/0524.png,5107
cifar10/test/truck/0242.png,2382
cifar10/test/truck/0518.png,5067
cifar10/test/truck/0295.png,2926
cifar10/test/truck/0281.png,2793
